"pid","activity_mod_days_1_1","activity_mod_days_2_1","activity_mod_mins_1_1","activity_mod_mins_2_1","activity_stairs_1_1","activity_transport_1_m","activity_type_1_m","activity_type_diy_heavy_1_1","activity_type_diy_heavy_dur_1_1","activity_type_diy_light_1_1","activity_type_diy_light_dur_1_1","activity_type_exercise_1_1","activity_type_exercise_dur_1_1","activity_type_stren_1_1","activity_type_stren_dur_1_1","activity_type_walk_1_1","activity_type_walk_dur_1_1","activity_vig_days_1_1","activity_vig_days_2_1","activity_vig_mins_1_1","activity_vig_mins_2_1","activity_walk_days_1_1","activity_walk_days_2_1","activity_walk_mins_1_1","activity_walk_mins_2_1","activity_walk_pace_1_1","alcohol_beer_mth_1_1","alcohol_beer_mth_2_1","alcohol_beer_wk_1_1","alcohol_chg_1_1","alcohol_chg_abst_reason_1_1","alcohol_chg_abst_reason_2_m","alcohol_chg_reduce_reason_1_1","alcohol_chg_reduce_reason_2_m","alcohol_curr_1_1","alcohol_food_1_1","alcohol_other_mth_1_1","alcohol_other_mth_2_1","alcohol_other_wk_1_1","alcohol_prev_1_1","alcohol_spirits_mth_1_1","alcohol_spirits_mth_2_1","alcohol_spirits_wk_1_1","alcohol_wine_fort_mth_1_1","alcohol_wine_fort_mth_2_1","alcohol_wine_fort_wk_1_1","alcohol_wine_red_mth_1_1","alcohol_wine_red_mth_2_1","alcohol_wine_red_wk_1_1","alcohol_wine_white_mth_1_1","alcohol_wine_white_mth_2_1","alcohol_wine_white_wk_1_1","lifestyle_drive_hrs_1_1","lifestyle_outdoor_sum_hrs_1_1","lifestyle_outdoor_win_hrs_1_1","lifestyle_screen_pc_hrs_1_1","lifestyle_screen_pc_hrs_2_1","lifestyle_screen_tv_hrs_1_1","lifestyle_screen_tv_hrs_2_1","lifestyle_social_rec_1_m","lifestyle_social_visits_1_1","sleep_chronotype_1_1","sleep_daytime_1_1","sleep_hrs_1_1","sleep_napping_1_1","sleep_snoring_1_1","sleep_trouble_1_1","sleep_waking_1_1","smoke_100_times_1_1","smoke_100_times_2_1","smoke_avg_1_1","smoke_avg_2_1","smoke_avg_prev_1_1","smoke_chg_1_1","smoke_chg_2_1","smoke_chg_abst_1_1","smoke_chg_abst_2_1","smoke_chg_abst_reason_1_m","smoke_chg_reduce_abst_1_1","smoke_chg_reduce_abst_reason_1_m","smoke_chg_reduce_reason_1_m","smoke_chg_reduce_reason_2_m","smoke_expose_house_hrs_1_1","smoke_expose_outside_hrs_1_1","smoke_exposure_1_1","smoke_exposure_hrs_1_1","smoke_first_age_1_1","smoke_first_age_2_1","smoke_house_1_1","smoke_prev_age_1_1","smoke_prev_age_2_1","smoke_prev_reduce_reason_1_m","smoke_prev_reduce_reason_2_m","smoke_prev_reg_1_1","smoke_prev_reg_2_1","smoke_prev_type_1_1","smoke_reg_1_m","smoke_reg_day_1_1","smoke_reg_day_2_1","smoke_reg_first_age_1_1","smoke_reg_first_age_2_1","smoke_reg_type_1_1","smoke_reg_type_2_1","smoke_status_1_1","smoke_status_2_1","smoke_tobacco_age_1_1","smoke_tobacco_prev_1_1","smoke_tobacco_type_1_m","smoke_vape_1_1","smoke_vape_age_1_1","smoke_vape_age_2_1","smoke_vape_avg_1_1","smoke_vape_avg_2_1","smoke_vape_type_1_m","smoke_vape_type_2_m","smoke_vape_use_1_1","smoke_vape_use_2_1"
"QQ318833","Prefer not to answer","Do not know","213.9","47.4","1-5 times a day","Walk","Other exercises (e.g., swimming, cycling, keep fit, bowling); Heavy DIY (e.g., DIY that requires a lot of physical effort)","2-3 times in the last 4 weeks","Less than 15 minutes",NA,NA,"Once a week","Between 1.5 hours and 2 hours",NA,NA,NA,NA,"123","194","274.8","215.5","334","359","62.1","139.9","Steady average pace","23","17","63",NA,NA,NA,NA,NA,"Prefer not to answer",NA,"82","22","34",NA,"8","69","50","23","43","87","86","66","26","70","29","61",NA,NA,NA,NA,NA,NA,NA,"Sports club or gym","2-4 times a week","More a 'morning' than 'evening' person","Sometimes","18.1","Never/rarely","Yes","Usually","Not very easy","Prefer not to answer","or more","24","57",NA,NA,NA,NA,NA,NA,NA,NA,NA,NA,"1.3",NA,"Every day","1 to 2 hours per day","74","55","Yes, more than one household member smokes","33","92",NA,NA,NA,"No",NA,NA,"45","40","43","40","Prefer not to answer",NA,NA,"No, not at all","21","Smoked on most or all days","Shisha","No","31","69",NA,NA,NA,NA,NA,NA
"EU534928","Prefer not to answer","Prefer not to answer","80.7","87.2","1-5 times a day","Car or motor vehicle","Other exercises (e.g., swimming, cycling, keep fit, bowling)",NA,NA,NA,NA,"2-3 times a week","Over 3 hours",NA,NA,NA,NA,"259","16","278.4","273.9","231","199","180.3","144.6","Steady average pace","11","1","6","Drink about the same",NA,NA,NA,NA,"Daily or almost daily","Usually","1","82","15","No","71","86","62","86","50","92","18","67","9","29","38","27",NA,NA,NA,NA,NA,NA,NA,"Sports club or gym; Religious group","Once a week","More an 'evening' than a 'morning' person","Sometimes","17.5",NA,"No","Never/rarely","Very easy","Prefer not to answer","or more","36","53","32",NA,"Less nowadays?",NA,"Yes","Other","No",NA,NA,"Doctor advice",NA,NA,"Never","Less than 1 hour per day","84","33","Yes, one household member smokes","47","23",NA,"Cost",NA,"Yes","Hand-rolled cigarettes","Current occasional smoker","91","79","66","18","None of the above","Hand-rolled cigarettes",NA,"Yes, some days","65","Smoked on most or all days","Tobacco pipe","Prefer not to answer","68","63",NA,NA,NA,NA,NA,NA
"AL751970","Prefer not to answer","Do not know","34.8","218.0","11-15 times a day","Car or motor vehicle","Walking for pleasure (not as a means of transport); Other exercises (e.g., swimming, cycling, keep fit, bowling)",NA,NA,NA,NA,"2-3 times a week","Between 15 and 30 minutes",NA,NA,"Once a week","Less than 15 minutes","68","264","138.9","232.6","253","118","206.1","58.9","Steady average pace","69","91","50","Drink less than before",NA,NA,"Health reasons","Training/fitness","Once or twice a week","Sometimes","76","84","2","No","83","68","53","92","44","86","0","48","16","84","54","53",NA,NA,NA,NA,NA,NA,NA,"Arts/music group; Religious group","1-3 times a month","Definitely a 'morning' person","Never/rarely","15.8","Never/rarely","Do not know","Sometimes","Not very easy",NA,NA,NA,NA,NA,NA,NA,NA,NA,NA,NA,NA,NA,NA,NA,NA,NA,NA,NA,NA,NA,NA,NA,NA,NA,NA,NA,NA,NA,NA,NA,NA,NA,NA,NA,NA,"Yes, some days",NA,NA,"I have not used any of these tobacco products",NA,NA,NA,NA,NA,NA,NA,NA,NA
"YU289553","Prefer not to answer","Do not know","291.8","109.1","1-5 times a day","Car or motor vehicle","Strenuous sports",NA,NA,NA,NA,NA,NA,"2-3 times a week","Between 30 minutes and 1 hour",NA,NA,"258","102","35.8","211.2","97","264","244.3","229.1","Prefer not to answer","76","39","85","Drink about the same",NA,NA,NA,NA,"Special occasions only","Sometimes","20","49","55","No","69","44","17","22","99","90","8","33","18","5","83","47",NA,NA,NA,NA,NA,NA,NA,"Pub or social club","Less than once a month",NA,"Never/rarely","10.5","Usually","Do not know","Never/rarely","Fairly easy",NA,NA,NA,NA,NA,NA,NA,NA,NA,NA,NA,NA,NA,NA,NA,NA,NA,NA,NA,NA,NA,NA,NA,NA,NA,NA,NA,NA,NA,NA,NA,NA,NA,NA,NA,NA,"No, not at all",NA,NA,"I have not used any of these tobacco products",NA,NA,NA,NA,NA,NA,NA,NA,NA
"JF693102","Prefer not to answer","Do not know","295.1","145.2","1-5 times a day","Car or motor vehicle","Walking for pleasure (not as a means of transport); Other exercises (e.g., swimming, cycling, keep fit, bowling)",NA,NA,NA,NA,"2-3 times in the last 4 weeks","Between 1 hour and 1.5 hours",NA,NA,"Once in the last 4 weeks","Between 30 minutes and 1 hour","168","238","286.9","111.4","31","92","245.5","117.5","Steady average pace","4","33","50","Prefer not to answer",NA,NA,NA,NA,"Special occasions only","Sometimes","79","50","28","No","13","74","15","90","13","4","27","77","0","74","3","4",NA,NA,NA,NA,NA,NA,NA,"Volunteering group","2-4 times a week","Definitely an 'evening' person","Often","3.4","Sometimes","No","Sometimes","Fairly easy","or more","50-99","50","47","9",NA,"More nowadays?",NA,"Prefer not to answer",NA,NA,NA,NA,NA,"5.9",NA,"Most days of the week","Less than 1 hour per day","67","79","No","37","89",NA,NA,NA,"Yes","Manufactured cigarettes","Current regular smoker","86","30","37","81","Hand-rolled cigarettes","Manufactured cigarette",NA,"Yes, every day","71","Smoked on most or all days","Electronic delivery devices that can be vaped, such as e-cigarettes (e.g., UWELL, Vype, Vuse, Vapouriz, WizMix)","No","16","69",NA,NA,NA,NA,NA,NA
"DO947115","Prefer not to answer","Prefer not to answer","296.0","101.8","1-5 times a day","Car or motor vehicle","Prefer not to answer",NA,NA,NA,NA,NA,NA,NA,NA,NA,NA,"110","314","234.8","129.2","135","105","139.6","96.2","Steady average pace","51","7","8","Drink about the same",NA,NA,NA,NA,"Special occasions only","Never","85","38","6","No","89","6","71","88","19","87","9","31","98","60","44","32",NA,NA,NA,NA,NA,NA,NA,"Arts/music group; Religious group","2-4 times a week","Prefer not to answer","Never/rarely","5.2","Sometimes","No",NA,"Fairly easy",NA,NA,NA,NA,NA,NA,NA,NA,NA,NA,NA,NA,NA,NA,NA,NA,NA,NA,NA,NA,NA,NA,NA,NA,NA,NA,NA,NA,NA,NA,NA,NA,NA,NA,NA,NA,"No, not at all",NA,NA,"I have not used any of these tobacco products",NA,NA,NA,NA,NA,NA,NA,NA,NA
"RI247123","Do not know","Do not know","22.9","281.4","1-5 times a day","Prefer not to answer","Walking for pleasure (not as a means of transport)",NA,NA,NA,NA,NA,NA,NA,NA,"Every day","Between 30 minutes and 1 hour","124","52","264.0","267.7","23","329","291.4","293.3","Brisk pace","58","72","4","Drink more than before",NA,NA,NA,NA,"One to three times a month","Usually","30","61","46","No","3","91","99","81","40","36","65","92","75","93","60","4",NA,NA,NA,NA,NA,NA,NA,"No regular group","Almost daily","Definitely an 'evening' person","Sometimes","18.7","Never/rarely","No","Never/rarely","Fairly easy",NA,NA,NA,NA,NA,NA,NA,NA,NA,NA,NA,NA,NA,NA,NA,NA,NA,NA,NA,NA,NA,NA,NA,NA,NA,NA,NA,NA,NA,NA,NA,NA,NA,NA,NA,NA,"No, not at all",NA,NA,"I have not used any of these tobacco products",NA,NA,NA,NA,NA,NA,NA,NA,NA
"ZJ895189","Prefer not to answer","Prefer not to answer","238.1","259.6","None","Mixed modes","Walking for pleasure (not as a means of transport)",NA,NA,NA,NA,NA,NA,NA,NA,"Every day","Between 30 minutes and 1 hour","7","341","145.7","62.1","230","177","284.2","88.7","Brisk pace","1","94","39","Prefer not to answer",NA,NA,NA,NA,"Three or four times a week","Sometimes","23","6","64","No","47","80","74","23","12","63","37","29","47","60","100","95",NA,NA,NA,NA,NA,NA,NA,"Sports club or gym","Less than once a month","More a 'morning' than 'evening' person","Sometimes","1.5","Never/rarely","No","Sometimes","Very easy","10 or less","Prefer not to answer","14","33",NA,NA,NA,NA,NA,NA,NA,NA,NA,NA,"0.9",NA,"Most days of the week","3 to 5 hours per day","40","37","No","88","29",NA,NA,NA,"No",NA,NA,"77","10","18","32","Hand-rolled cigarettes",NA,NA,"No, not at all","35","Just tried once or twice","Pipe","Prefer not to answer","20","43",NA,NA,NA,NA,NA,NA
"QX726081","Prefer not to answer","Do not know","129.6","111.5","Do not know","Mixed modes","Walking for pleasure (not as a means of transport)",NA,NA,NA,NA,NA,NA,NA,NA,"Prefer not to answer","Between 30 minutes and 1 hour","97","6","199.1","83.4","175","208","103.2","242.3","Steady average pace","48","50","74","Drink more than before",NA,NA,NA,NA,"One to three times a month","Sometimes","88","52","57","No","47","10","49","95","62","74","24","19","81","38","46","73",NA,NA,NA,NA,NA,NA,NA,"Volunteering group","Once a week","Definitely a 'morning' person","Never/rarely","16.2","Usually","No",NA,"Very easy","or more","11-49","42","38",NA,NA,NA,NA,NA,NA,NA,NA,NA,NA,"1.7",NA,"Prefer not to answer","Less than 1 hour per day","79","74","No","55","42",NA,NA,NA,"No",NA,NA,"57","70","19","23","Prefer not to answer",NA,NA,"No, not at all","19","I have never smoked","Chewing tobacco, snus, snuff, Gutkha, or dip (e.g., Skruf, Tulsi, Sikandar, conwood, Al Capone powder)","No","65","84",NA,NA,NA,NA,NA,NA
"OR621856","Prefer not to answer","Prefer not to answer","112.6","131.9","1-5 times a day","Walk","Prefer not to answer",NA,NA,NA,NA,NA,NA,NA,NA,NA,NA,"77","67","275.8","41.5","123","75","111.8","296.9","Steady average pace","29","62","83","Drink about the same",NA,NA,NA,NA,"Special occasions only","Sometimes","30","91","58","No","9","20","22","32","47","86","93","36","57","44","59","54",NA,NA,NA,NA,NA,NA,NA,"Religious group","1-3 times a month","More an 'evening' than a 'morning' person","Prefer not to answer","6.7","Never/rarely",NA,"Never/rarely","Very easy","50-99","50-99","10","18","11",NA,"About the same?",NA,"Yes","Health",NA,NA,NA,NA,"3",NA,"One day per week","Less than 1 hour per day","66","55","No","38","95",NA,NA,NA,"Yes","Manufactured cigarettes","Current occasional smoker","77","72","83","55","Manufactured cigarette","Manufactured cigarette",NA,"Yes, but rarely","49","Smoked occasionally","Tobacco pipe","No","81","39",NA,NA,NA,NA,NA,NA
"XW951462","Do not know","Prefer not to answer","233.8","113.2","1-5 times a day","Car or motor vehicle","None of the above",NA,NA,NA,NA,NA,NA,NA,NA,NA,NA,"45","240","227.3","109.1","29","320","287.4","60.4","Slow pace","100","38","64","Drink about the same",NA,NA,NA,NA,"Once or twice a week","Sometimes","72","52","79","No","74","90","74","68","82","23","6","34","36","77","61","35",NA,NA,NA,NA,NA,NA,NA,"No regular group","Almost daily","Definitely a 'morning' person","Never/rarely","16.5","Sometimes","No","Sometimes","Very easy",NA,NA,NA,NA,NA,NA,NA,NA,NA,NA,NA,NA,NA,NA,NA,NA,NA,NA,NA,NA,NA,NA,NA,NA,NA,NA,NA,NA,NA,NA,NA,NA,NA,NA,NA,NA,"No, not at all",NA,NA,"I have not used any of these tobacco products",NA,NA,NA,NA,NA,NA,NA,NA,NA
"GG764586","Do not know","Do not know","20.3","54.9","1-5 times a day","Prefer not to answer","Other exercises (e.g., swimming, cycling, keep fit, bowling)",NA,NA,NA,NA,"2-3 times in the last 4 weeks","Between 15 and 30 minutes",NA,NA,NA,NA,"257","171","264.4","292.0","337","83","186.1","138.2","Brisk pace","77","68","24","Drink less than before",NA,NA,"Health reasons","Training/fitness","Special occasions only","Usually","42","57","81","No","7","10","68","97","30","1","76","52","98","1","14","92",NA,NA,NA,NA,NA,NA,NA,"No regular group","2-4 times a week","Definitely an 'evening' person","Often","11.9","Prefer not to answer",NA,"Sometimes","Fairly easy","50-99","50-99","47","37",NA,NA,NA,NA,NA,NA,NA,NA,NA,NA,NA,NA,"Never","Less than 1 hour per day","78","72","No","79","49",NA,NA,NA,"No",NA,NA,"91","79","24","75","None of the above",NA,NA,"No, not at all","86","Prefer not to answer","Pipe","Yes","89","55",NA,"25-34 times /day",NA,"Nicotine e-liquid",NA,"I was a current smoker of tobacco cigarettes and was planning to"
"DN931422","Do not know","Prefer not to answer","115.4","29.2","6-10 times a day","Car or motor vehicle","Light DIY (e.g., DIY that does not require a lot of physical effort)",NA,NA,"Every day","Do not know",NA,NA,NA,NA,NA,NA,"255","12","25.5","223.4","139","114","128.5","172.9","Brisk pace","96","6","2","Drink less than before",NA,NA,"Cost reasons","Medication interaction","Daily or almost daily","Sometimes","54","2","52","No","33","11","65","19","37","42","100","14","86","79","58","29",NA,NA,NA,NA,NA,NA,NA,"Volunteering group","1-3 times a month","Definitely a 'morning' person","Never/rarely","9.7","Never/rarely","No","Never/rarely","Fairly easy","or more","or more","29","86",NA,NA,NA,NA,NA,NA,NA,NA,NA,NA,NA,NA,"Never","1 to 2 hours per day","69","41","No","57","77",NA,NA,NA,"No",NA,NA,"42","18","63","72","Prefer not to answer",NA,NA,"No, not at all","81","I have never smoked","Smokeless tobacco","No","47","49",NA,NA,NA,NA,NA,NA
"YL422273","Do not know","Do not know","289.5","139.4","1-5 times a day","Car or motor vehicle","Heavy DIY (e.g., DIY that requires a lot of physical effort); Light DIY (e.g., DIY that does not require a lot of physical effort)","Every day","Between 15 and 30 minutes","4-5 times a week","Less than 15 minutes",NA,NA,NA,NA,NA,NA,"351","153","33.7","164.9","262","199","277.3","165.4","Steady average pace","81","90","35","Drink about the same",NA,NA,NA,NA,"Three or four times a week","Always","12","34","18","No","59","16","0","24","60","52","39","55","18","7","45","79",NA,NA,NA,NA,NA,NA,NA,"Religious group","Less than once a month",NA,"Sometimes","18.9","Never/rarely","No","Never/rarely","Fairly easy",NA,NA,NA,NA,NA,NA,NA,NA,NA,NA,NA,NA,NA,NA,NA,NA,NA,NA,NA,NA,NA,NA,NA,NA,NA,NA,NA,NA,NA,NA,NA,NA,NA,NA,NA,NA,"No, not at all",NA,NA,"I have not used any of these tobacco products",NA,NA,NA,NA,NA,NA,NA,NA,NA
"EU979076","Prefer not to answer","Do not know","227.4","232.4","1-5 times a day","Mixed modes","Strenuous sports; Heavy DIY (e.g., DIY that requires a lot of physical effort)","Every day","Between 1.5 hours and 2 hours",NA,NA,NA,NA,"4-5 times a week","Between 15 and 30 minutes",NA,NA,"120","113","59.7","38.7","107","7","162.9","24.1","Slow pace","86","85","14","Drink about the same",NA,NA,NA,NA,"One to three times a month","Prefer not to answer","97","88","85","No","45","44","35","58","92","98","51","35","79","62","63","89",NA,NA,NA,NA,NA,NA,NA,"Pub or social club","Never","Definitely a 'morning' person","Never/rarely","21.6","Sometimes","No","Prefer not to answer","Fairly easy",NA,NA,NA,NA,NA,NA,NA,NA,NA,NA,NA,NA,NA,NA,NA,NA,NA,NA,NA,NA,NA,NA,NA,NA,NA,NA,NA,NA,NA,NA,NA,NA,NA,NA,NA,NA,"No, not at all",NA,NA,"I have not used any of these tobacco products",NA,NA,NA,NA,NA,NA,NA,NA,NA
"NS147515","Prefer not to answer","Do not know","134.9","103.9","1-5 times a day","Car or motor vehicle","Other exercises (e.g., swimming, cycling, keep fit, bowling)",NA,NA,NA,NA,"Once in the last 4 weeks","Less than 15 minutes",NA,NA,NA,NA,"88","136","133.8","14.6","286","346","281.0","242.4","Fast pace","78","8","1","Drink about the same",NA,NA,NA,NA,"One to three times a month","Usually","32","14","34","No","0","7","43","47","35","18","95","72","1","28","80","54",NA,NA,NA,NA,NA,NA,NA,"Sports club or gym","Once a week","More an 'evening' than a 'morning' person","Never/rarely","6.4","Sometimes","No","Never/rarely","Fairly easy","or more","50-99","38","98",NA,NA,NA,NA,NA,NA,NA,NA,NA,NA,"3.6",NA,"One day per week","1 to 2 hours per day","34","93","No","83","100",NA,NA,NA,"No",NA,NA,"86","26","78","67","Hand-rolled cigarettes",NA,NA,"No, not at all","14","I have never smoked","Electronic delivery devices that can be vaped, such as e-cigarettes (e.g., UWELL, Vype, Vuse, Vapouriz, WizMix)","No","77","18",NA,NA,NA,NA,NA,NA
"TJ225754","Do not know","Do not know","53.7","52.6","16-20 times a day","Public transport","Walking for pleasure (not as a means of transport)",NA,NA,NA,NA,NA,NA,NA,NA,"Once in the last 4 weeks","Between 1.5 hours and 2 hours","253","236","95.6","89.5","221","347","46.7","246.5","Brisk pace","68","12","93","Drink about the same",NA,NA,NA,NA,"Once or twice a week","Sometimes","30","74","7","No","37","71","24","79","55","41","21","24","5","6","40","40",NA,NA,NA,NA,NA,NA,NA,"Sports club or gym","Once a week","More a 'morning' than 'evening' person","Never/rarely","10.2","Sometimes","No","Sometimes","Not very easy",NA,NA,NA,NA,NA,NA,NA,NA,NA,NA,NA,NA,NA,NA,NA,NA,NA,NA,NA,NA,NA,NA,NA,NA,NA,NA,NA,NA,NA,NA,NA,NA,NA,NA,NA,NA,"Yes, every day",NA,NA,"I have not used any of these tobacco products",NA,NA,NA,NA,NA,NA,NA,NA,NA
"ZY477104","Prefer not to answer","Prefer not to answer","261.4","273.4","6-10 times a day","Car or motor vehicle","Other exercises (e.g., swimming, cycling, keep fit, bowling)",NA,NA,NA,NA,"Once a week","Over 3 hours",NA,NA,NA,NA,"342","324","40.7","214.6","254","261","158.3","70.1","Steady average pace","95","40","75","Drink about the same",NA,NA,NA,NA,"One to three times a month","Usually","40","21","44","No","90","47","63","22","81","37","92","20","48","36","70","96",NA,NA,NA,NA,NA,NA,NA,"Arts/music group; Pub or social club","1-3 times a month","Definitely an 'evening' person","Often","18.1","Never/rarely","Yes","Never/rarely","Very easy","50-99","11-49","88","10",NA,NA,NA,NA,NA,NA,NA,NA,NA,NA,"2.8",NA,"One day per week","3 to 5 hours per day","98","18","Yes, one household member smokes","92","99",NA,NA,NA,"No",NA,NA,"96","64","98","22","Hand-rolled cigarettes",NA,NA,"No, not at all","57","I have never smoked","Smokeless tobacco","No","10","28",NA,NA,NA,NA,NA,NA
"RY206534","Prefer not to answer","Prefer not to answer","203.0","81.7","1-5 times a day","Mixed modes","Strenuous sports",NA,NA,NA,NA,NA,NA,"2-3 times a week","Between 30 minutes and 1 hour",NA,NA,"173","109","146.1","166.0","357","131","222.9","210.6","Slow pace","83","79","9","Drink less than before",NA,NA,"Health reasons","Medication interaction","Daily or almost daily","Usually","30","30","34","No","79","6","88","1","58","60","3","6","4","49","21","29",NA,NA,NA,NA,NA,NA,NA,"Arts/music group","2-4 times a week","More a 'morning' than 'evening' person","Never/rarely","13.8","Never/rarely","Yes","Never/rarely",NA,"or more","10 or less","64","58","5",NA,"Prefer not to answer",NA,"No",NA,NA,NA,NA,NA,NA,NA,"Never","1 to 2 hours per day","69","15","No","72","89",NA,NA,NA,"Yes","Prefer not to answer","Current regular smoker","81","51","50","76","Prefer not to answer","Hand-rolled cigarettes",NA,"Yes, some days","56","Smoked on most or all days","Electronic delivery devices that can be vaped, such as e-cigarettes (e.g., UWELL, Vype, Vuse, Vapouriz, WizMix)","Yes","80","23",NA,"1-2 times /week",NA,"Nicotine e-liquid",NA,"I had stopped smoking tobacco cigarettes"
"OE911425","Prefer not to answer","Do not know","69.5","164.1","6-10 times a day","Car or motor vehicle","Heavy DIY (e.g., DIY that requires a lot of physical effort)","Once in the last 4 weeks","Less than 15 minutes",NA,NA,NA,NA,NA,NA,NA,NA,"163","41","191.7","29.2","15","104","123.8","190.7","Brisk pace","84","58","26","Drink about the same",NA,NA,NA,NA,"Daily or almost daily","Usually","22","77","79","No","46","46","59","10","27","28","24","21","77","29","4","19",NA,NA,NA,NA,NA,NA,NA,"Arts/music group","2-4 times a week","More a 'morning' than 'evening' person","Do not know","22.1","Never/rarely",NA,"Usually","Fairly easy","or more","or more","37","38","7",NA,"About the same?",NA,"No",NA,NA,NA,NA,NA,NA,NA,"Never","Less than 1 hour per day","93","92","No","90","26",NA,NA,NA,"Yes","Manufactured cigarettes","Current occasional smoker","9","5","68","46","Hand-rolled cigarettes","Hand-rolled cigarettes",NA,"Yes, every day","21","Smoked occasionally","Cigarettes","No","24","31",NA,NA,NA,NA,NA,NA
"CB866173","Do not know","Prefer not to answer","111.8","245.5","None","Car or motor vehicle","Other exercises (e.g., swimming, cycling, keep fit, bowling)",NA,NA,NA,NA,"Once in the last 4 weeks","Between 30 minutes and 1 hour",NA,NA,NA,NA,"173","76","107.8","153.8","91","100","74.4","298.1","Slow pace","61","11","99","Drink less than before",NA,NA,"Family/work responsibilities","Health advice","One to three times a month","Sometimes","99","63","25","No","50","91","69","18","9","85","38","13","44","51","53","66",NA,NA,NA,NA,NA,NA,NA,"Pub or social club","1-3 times a month","More an 'evening' than a 'morning' person","Never/rarely","13.6","Never/rarely","No","Never/rarely","Do not know","11-49","50-99","47","57",NA,NA,NA,NA,NA,NA,NA,NA,NA,NA,"3.4",NA,"One day per month","1 to 2 hours per day","30","26","Yes, one household member smokes","93","47",NA,NA,NA,"No",NA,NA,"63","72","63","16","Hand-rolled cigarettes",NA,NA,"No, not at all","43","I have never smoked","Prefer not to answer","No","21","84",NA,NA,NA,NA,NA,NA
"IC250163","Prefer not to answer","Prefer not to answer","208.9","258.6","1-5 times a day","Mixed modes","Walking for pleasure (not as a means of transport)",NA,NA,NA,NA,NA,NA,NA,NA,"2-3 times a week","Between 30 minutes and 1 hour","88","222","29.9","139.3","155","184","156.0","219.0","Brisk pace","30","65","60","Drink about the same",NA,NA,NA,NA,"Three or four times a week","Always","5","26","43","No","63","42","58","53","42","97","70","15","21","16","3","62",NA,NA,NA,NA,NA,NA,NA,"Religious group","1-3 times a month","More a 'morning' than 'evening' person","Sometimes","14.3","Never/rarely","Yes","Never/rarely","Fairly easy","Prefer not to answer","10 or less","0","85",NA,NA,NA,NA,NA,NA,NA,NA,NA,NA,NA,NA,"Never","Less than 1 hour per day","32","70","No","25","65",NA,NA,NA,"No",NA,NA,"41","12","91","82","Hand-rolled cigarettes",NA,NA,"No, not at all","47","I have never smoked","Smokeless tobacco","No","53","93",NA,NA,NA,NA,NA,NA
"YB715384","Do not know","Prefer not to answer","274.3","71.2","11-15 times a day","Mixed modes","Walking for pleasure (not as a means of transport)",NA,NA,NA,NA,NA,NA,NA,NA,"Once a week","Between 30 minutes and 1 hour","310","208","6.3","26.8","115","7","94.3","112.4","Fast pace","43","57","39","Drink more than before",NA,NA,NA,NA,"Once or twice a week","Always","23","13","2","No","67","92","28","25","11","20","61","63","20","99","11","5",NA,NA,NA,NA,NA,NA,NA,"Sports club or gym; Religious group","Less than once a month","More an 'evening' than a 'morning' person","Often","4.9","Sometimes","No","Sometimes","Fairly easy",NA,NA,NA,NA,NA,NA,NA,NA,NA,NA,NA,NA,NA,NA,NA,NA,NA,NA,NA,NA,NA,NA,NA,NA,NA,NA,NA,NA,NA,NA,NA,NA,NA,NA,NA,NA,"No, not at all",NA,NA,"I have not used any of these tobacco products",NA,NA,NA,NA,NA,NA,NA,NA,NA
"DN615347","Do not know","Do not know","98.3","172.3","More than 20 times a day","Car or motor vehicle","Prefer not to answer",NA,NA,NA,NA,NA,NA,NA,NA,NA,NA,"184","364","31.8","43.0","107","72","34.8","180.5","Slow pace","17","68","14","Drink more than before",NA,NA,NA,NA,"Three or four times a week","Sometimes","40","61","37","No","26","78","24","58","87","73","83","45","10","58","53","72",NA,NA,NA,NA,NA,NA,NA,"Volunteering group","Less than once a month","More a 'morning' than 'evening' person","Never/rarely","12.4","Sometimes","No","Sometimes","Fairly easy",NA,NA,NA,NA,NA,NA,NA,NA,NA,NA,NA,NA,NA,NA,NA,NA,NA,NA,NA,NA,NA,NA,NA,NA,NA,NA,NA,NA,NA,NA,NA,NA,NA,NA,NA,NA,"Yes, every day",NA,NA,"I have not used any of these tobacco products",NA,NA,NA,NA,NA,NA,NA,NA,NA
"EP864854","Do not know","Do not know","1.6","223.9","6-10 times a day","Car or motor vehicle","Light DIY (e.g., DIY that does not require a lot of physical effort)",NA,NA,"Once in the last 4 weeks","Between 1.5 hours and 2 hours",NA,NA,NA,NA,NA,NA,"287","161","133.3","155.5","32","337","57.6","209.8","Steady average pace","59","61","46","Drink less than before",NA,NA,"Family/work responsibilities","Health advice","Three or four times a week","Sometimes","3","67","59","No","24","52","25","63","53","7","22","91","86","46","34","89",NA,NA,NA,NA,NA,NA,NA,"Volunteering group; Religious group","Almost daily","More a 'morning' than 'evening' person","Never/rarely","6.4","Never/rarely","No","Sometimes","Fairly easy",NA,NA,NA,NA,NA,NA,NA,NA,NA,NA,NA,NA,NA,NA,NA,NA,NA,NA,NA,NA,NA,NA,NA,NA,NA,NA,NA,NA,NA,NA,NA,NA,NA,NA,NA,NA,"No, not at all",NA,NA,"I have not used any of these tobacco products",NA,NA,NA,NA,NA,NA,NA,NA,NA
"MD990976","Do not know","Prefer not to answer","53.1","211.0","More than 20 times a day","Car or motor vehicle","Other exercises (e.g., swimming, cycling, keep fit, bowling)",NA,NA,NA,NA,"2-3 times in the last 4 weeks","Between 1 hour and 1.5 hours",NA,NA,NA,NA,"282","207","271.0","22.2","161","66","60.3","299.5","Brisk pace","3","16","55","Drink less than before",NA,NA,"Other","Other","One to three times a month","Sometimes","88","10","94","No","59","57","42","62","83","31","70","56","39","90","96","94",NA,NA,NA,NA,NA,NA,NA,"Sports club or gym","Once a week","More an 'evening' than a 'morning' person","Never/rarely","20.7","Never/rarely","Yes","Sometimes","Very easy","11-49","or more","33","28",NA,NA,NA,NA,NA,NA,NA,NA,NA,NA,NA,NA,"Never","More than 15 hours per day","31","100","No","98","76",NA,NA,NA,"No",NA,NA,"77","88","81","56","Hand-rolled cigarettes",NA,NA,"No, not at all","53","Just tried once or twice","Cigars, cigarillos, or little filtered cigar (e.g., Montecristo, Romeo Y Julieta, Cohiba, Davidoff, Neos red)","No","20","34",NA,NA,NA,NA,NA,NA
"EX584909","Do not know","Prefer not to answer","129.0","222.4","1-5 times a day","Mixed modes","Other exercises (e.g., swimming, cycling, keep fit, bowling)",NA,NA,NA,NA,"2-3 times a week","Between 2 and 3 hours",NA,NA,NA,NA,"189","279","61.4","139.8","140","57","18.0","276.2","Steady average pace","32","4","45","Drink less than before",NA,NA,"Cost reasons","Health advice","Three or four times a week","Usually","30","85","11","No","91","32","40","85","18","89","17","39","33","54","2","33",NA,NA,NA,NA,NA,NA,NA,"No regular group","Never","More an 'evening' than a 'morning' person","Never/rarely","6.7","Never/rarely","No","Sometimes","Very easy",NA,NA,NA,NA,NA,NA,NA,NA,NA,NA,NA,NA,NA,NA,NA,NA,NA,NA,NA,NA,NA,NA,NA,NA,NA,NA,NA,NA,NA,NA,NA,NA,NA,NA,NA,NA,"Yes, some days",NA,NA,"I have not used any of these tobacco products",NA,NA,NA,NA,NA,NA,NA,NA,NA
"TU416151","Prefer not to answer","Do not know","230.1","89.8","16-20 times a day","Cycle","Strenuous sports",NA,NA,NA,NA,NA,NA,"2-3 times in the last 4 weeks","Between 30 minutes and 1 hour",NA,NA,"60","165","152.4","29.3","149","350","71.8","224.2","Steady average pace","27","67","97",NA,NA,NA,NA,NA,"Never",NA,"100","85","99","No","48","6","57","41","11","99","19","63","1","69","60","63",NA,NA,NA,NA,NA,NA,NA,"No regular group","2-4 times a week","More an 'evening' than a 'morning' person","Never/rarely","12.8","Never/rarely","No","Never/rarely","Fairly easy",NA,NA,NA,NA,NA,NA,NA,NA,NA,NA,NA,NA,NA,NA,NA,NA,NA,NA,NA,NA,NA,NA,NA,NA,NA,NA,NA,NA,NA,NA,NA,NA,NA,NA,NA,NA,"Yes, but rarely",NA,NA,"I have not used any of these tobacco products",NA,NA,NA,NA,NA,NA,NA,NA,NA
"BX225111","Do not know","Do not know","199.8","147.1","1-5 times a day","Car or motor vehicle","Other exercises (e.g., swimming, cycling, keep fit, bowling)",NA,NA,NA,NA,"Once in the last 4 weeks","Between 30 minutes and 1 hour",NA,NA,NA,NA,"48","237","53.3","15.4","293","317","167.3","99.6","Slow pace","68","99","31","Stopped drinking","Personal choice","Mental wellbeing",NA,NA,"Three or four times a week","Sometimes","66","35","11","No","96","11","60","51","69","97","25","20","19","60","0","76",NA,NA,NA,NA,NA,NA,NA,"Religious group","Never","Definitely a 'morning' person","Never/rarely","5.0",NA,"Yes","Sometimes","Fairly easy","50-99","Prefer not to answer","56","95",NA,NA,NA,NA,NA,NA,NA,NA,NA,NA,NA,NA,"Never","3 to 5 hours per day","47","17","Yes, more than one household member smokes","27","77",NA,NA,NA,"No",NA,NA,"2","16","17","92","Manufactured cigarette",NA,NA,"Prefer not to answer","64","I have never smoked","Shisha, hookah or water pipe","Yes","51","66",NA,"25-34 times /day",NA,"Nicotine e-liquid",NA,"I was a current smoker of tobacco cigarettes and had no plans to quit"
"HF178141","Do not know","Do not know","71.2","269.8","6-10 times a day","Walk","Light DIY (e.g., DIY that does not require a lot of physical effort)",NA,NA,"2-3 times a week","Less than 15 minutes",NA,NA,NA,NA,NA,NA,"223","198","251.6","299.7","67","74","41.2","282.5","Brisk pace","84","6","95","Drink about the same",NA,NA,NA,NA,"Three or four times a week","Always","83","71","21","No","90","89","32","28","100","94","64","12","16","12","52","81",NA,NA,NA,NA,NA,NA,NA,"Sports club or gym","1-3 times a month","More a 'morning' than 'evening' person","Never/rarely","21.8","Usually",NA,"Sometimes","Not easy at all",NA,NA,NA,NA,NA,NA,NA,NA,NA,NA,NA,NA,NA,NA,NA,NA,NA,NA,NA,NA,NA,NA,NA,NA,NA,NA,NA,NA,NA,NA,NA,NA,NA,NA,NA,NA,"No, not at all",NA,NA,"I have not used any of these tobacco products",NA,NA,NA,NA,NA,NA,NA,NA,NA
"CT396361","Prefer not to answer","Prefer not to answer","160.8","49.0","11-15 times a day","Car or motor vehicle","None of the above",NA,NA,NA,NA,NA,NA,NA,NA,NA,NA,"187","276","41.4","10.0","19","253","40.3","109.4","Steady average pace","68","16","82","Drink about the same",NA,NA,NA,NA,"Once or twice a week","Usually","30","22","62","No","51","65","38","43","81","84","14","52","85","77","20","41",NA,NA,NA,NA,NA,NA,NA,"Religious group","Never","Definitely a 'morning' person","Sometimes","18.0","Usually","No",NA,"Fairly easy",NA,NA,NA,NA,NA,NA,NA,NA,NA,NA,NA,NA,NA,NA,NA,NA,NA,NA,NA,NA,NA,NA,NA,NA,NA,NA,NA,NA,NA,NA,NA,NA,NA,NA,NA,NA,"No, not at all",NA,NA,"I have not used any of these tobacco products",NA,NA,NA,NA,NA,NA,NA,NA,NA
"ZU854946","Prefer not to answer","Do not know","181.5","282.8","1-5 times a day","Mixed modes","Other exercises (e.g., swimming, cycling, keep fit, bowling)",NA,NA,NA,NA,"Once in the last 4 weeks","Between 15 and 30 minutes",NA,NA,NA,NA,"336","307","157.6","163.4","246","338","12.7","37.4","Steady average pace","71","16","52","Prefer not to answer",NA,NA,NA,NA,"One to three times a month","Sometimes","48","76","86","No","68","57","52","6","25","45","94","28","48","66","100","4",NA,NA,NA,NA,NA,NA,NA,"Arts/music group","Prefer not to answer","Definitely an 'evening' person","Never/rarely","12.3","Never/rarely","Do not know","Sometimes","Fairly easy","Prefer not to answer","50-99","0","74",NA,NA,NA,NA,NA,NA,NA,NA,NA,NA,"6.6",NA,"A few days per year","Less than 1 hour per day","30","74","Yes, one household member smokes","49","71",NA,NA,NA,"No",NA,NA,"44","26","68","27","None of the above",NA,NA,"No, not at all","25","I have never smoked","Shisha, hookah or water pipe","Yes","57","93",NA,"1-4 times /day",NA,"Non-nicotine e-liquid",NA,"I was a current smoker of tobacco cigarettes and had no plans to quit"
"AT708273","Prefer not to answer","Do not know","259.6","164.0","None","Mixed modes","Light DIY (e.g., DIY that does not require a lot of physical effort)",NA,NA,"Once a week","Between 15 and 30 minutes",NA,NA,NA,NA,NA,NA,"163","107","176.4","90.1","31","280","232.5","226.5","Steady average pace","61","38","68","Drink about the same",NA,NA,NA,NA,"One to three times a month","Sometimes","55","63","94","No","88","75","63","12","80","16","69","61","78","58","20","6",NA,NA,NA,NA,NA,NA,NA,"Volunteering group","Never","More a 'morning' than 'evening' person","Never/rarely","16.2","Never/rarely","Yes","Never/rarely","Fairly easy",NA,NA,NA,NA,NA,NA,NA,NA,NA,NA,NA,NA,NA,NA,NA,NA,NA,NA,NA,NA,NA,NA,NA,NA,NA,NA,NA,NA,NA,NA,NA,NA,NA,NA,NA,NA,"No, not at all",NA,NA,"I have not used any of these tobacco products",NA,NA,NA,NA,NA,NA,NA,NA,NA
"JK175953","Prefer not to answer","Do not know","208.4","162.6","None","Car or motor vehicle","Other exercises (e.g., swimming, cycling, keep fit, bowling)",NA,NA,NA,NA,"Once a week","Between 30 minutes and 1 hour",NA,NA,NA,NA,"83","325","114.7","233.1","80","175","52.0","198.6","Steady average pace","69","68","10","Drink about the same",NA,NA,NA,NA,"Special occasions only","Usually","6","79","54","No","40","99","36","28","71","80","20","40","26","21","31","18",NA,NA,NA,NA,NA,NA,NA,"Sports club or gym","Once a week","More an 'evening' than a 'morning' person","Never/rarely","2.8","Never/rarely","Yes","Usually","Very easy","10 or less","or more","55","88","11",NA,"More nowadays?",NA,"Yes","Family influence",NA,NA,NA,NA,"5.2",NA,"One day per week","Less than 1 hour per day","37","23","No","20","74",NA,NA,NA,"Yes","Hand-rolled cigarettes","Current regular smoker","25","49","88","76","Manufactured cigarette","Manufactured cigarette",NA,"Yes, every day","74","Smoked on most or all days","Smokeless tobacco","No","90","33",NA,NA,NA,NA,NA,NA
"XZ607506","Do not know","Do not know","134.7","52.4","1-5 times a day","Car or motor vehicle","Walking for pleasure (not as a means of transport)",NA,NA,NA,NA,NA,NA,NA,NA,"2-3 times in the last 4 weeks","Less than 15 minutes","306","280","237.2","279.4","54","128","236.3","122.6","Steady average pace","80","57","25","Drink about the same",NA,NA,NA,NA,"One to three times a month","Never","96","50","43","No","89","5","15","20","27","62","56","22","0","47","33","38",NA,NA,NA,NA,NA,NA,NA,"Pub or social club","Less than once a month","More an 'evening' than a 'morning' person","Never/rarely","3.3","Never/rarely","No","Never/rarely","Fairly easy",NA,NA,NA,NA,NA,NA,NA,NA,NA,NA,NA,NA,NA,NA,NA,NA,NA,NA,NA,NA,NA,NA,NA,NA,NA,NA,NA,NA,NA,NA,NA,NA,NA,NA,NA,NA,"Yes, but rarely",NA,NA,"I have not used any of these tobacco products",NA,NA,NA,NA,NA,NA,NA,NA,NA
"KA619709","Prefer not to answer","Prefer not to answer","267.4","79.1","None","Mixed modes","None of the above",NA,NA,NA,NA,NA,NA,NA,NA,NA,NA,"272","272","106.4","54.0","363","170","151.6","56.4","Steady average pace","87","9","88","Drink about the same",NA,NA,NA,NA,"One to three times a month","Sometimes","27","36","65","No","36","89","92","25","35","11","45","82","83","62","13","75",NA,NA,NA,NA,NA,NA,NA,"No regular group","Less than once a month","More an 'evening' than a 'morning' person","Do not know","13.1","Never/rarely","No","Never/rarely","Prefer not to answer","Prefer not to answer","11-49","30","54","5",NA,"About the same?",NA,"Yes","Financial",NA,NA,NA,NA,NA,NA,"Never","1 to 2 hours per day","36","30","Yes, one household member smokes","57","10",NA,NA,NA,"Yes","Manufactured cigarettes","Current regular smoker","49","31","99","28","Prefer not to answer","Hand-rolled cigarettes",NA,"Yes, but rarely","87","Just tried once or twice","Smokeless tobacco","No","27","67",NA,NA,NA,NA,NA,NA
"ON298450","Prefer not to answer","Prefer not to answer","26.4","119.5","11-15 times a day","Public transport","Strenuous sports",NA,NA,NA,NA,NA,NA,"2-3 times in the last 4 weeks","Between 1 hour and 1.5 hours",NA,NA,"280","119","146.6","95.8","135","18","118.6","155.6","Steady average pace","85","80","65","Drink about the same",NA,NA,NA,NA,"Special occasions only","Sometimes","35","5","70","No","70","29","50","91","84","53","33","86","43","47","4","87",NA,NA,NA,NA,NA,NA,NA,"No regular group","Less than once a month","Definitely an 'evening' person","Never/rarely","1.9",NA,"Yes","Never/rarely","Fairly easy",NA,NA,NA,NA,NA,NA,NA,NA,NA,NA,NA,NA,NA,NA,NA,NA,NA,NA,NA,NA,NA,NA,NA,NA,NA,NA,NA,NA,NA,NA,NA,NA,NA,NA,NA,NA,"No, not at all",NA,NA,"I have not used any of these tobacco products",NA,NA,NA,NA,NA,NA,NA,NA,NA
"VA181343","Prefer not to answer","Prefer not to answer","283.8","137.2","None","Mixed modes","Walking for pleasure (not as a means of transport)",NA,NA,NA,NA,NA,NA,NA,NA,"2-3 times in the last 4 weeks","Between 1.5 hours and 2 hours","330","195","185.0","183.9","348","137","191.5","126.4","Brisk pace","98","90","3",NA,NA,NA,NA,NA,"Never",NA,"63","82","31",NA,"48","27","94","68","95","14","76","74","42","40","23","82",NA,NA,NA,NA,NA,NA,NA,"No regular group","Once a week","Definitely an 'evening' person","Never/rarely","7.8","Sometimes","Prefer not to answer","Sometimes","Fairly easy",NA,NA,NA,NA,NA,NA,NA,NA,NA,NA,NA,NA,NA,NA,NA,NA,NA,NA,NA,NA,NA,NA,NA,NA,NA,NA,NA,NA,NA,NA,NA,NA,NA,NA,NA,NA,"Prefer not to answer",NA,NA,"I have not used any of these tobacco products",NA,NA,NA,NA,NA,NA,NA,NA,NA
"ZD386899","Prefer not to answer","Prefer not to answer","291.0","241.1","11-15 times a day","Mixed modes","Walking for pleasure (not as a means of transport)",NA,NA,NA,NA,NA,NA,NA,NA,"Once in the last 4 weeks","Between 15 and 30 minutes","272","263","14.5","281.9","290","122","195.1","147.2","Steady average pace","96","91","100","Drink about the same",NA,NA,NA,NA,"Three or four times a week","Sometimes","99","17","72","No","61","82","3","62","28","85","15","49","91","74","7","44",NA,NA,NA,NA,NA,NA,NA,"Sports club or gym","2-4 times a week","More an 'evening' than a 'morning' person","Sometimes","0.6","Never/rarely","No","Sometimes","Fairly easy",NA,NA,NA,NA,NA,NA,NA,NA,NA,NA,NA,NA,NA,NA,NA,NA,NA,NA,NA,NA,NA,NA,NA,NA,NA,NA,NA,NA,NA,NA,NA,NA,NA,NA,NA,NA,"No, not at all",NA,NA,"I have not used any of these tobacco products",NA,NA,NA,NA,NA,NA,NA,NA,NA
"HM901273","Do not know","Do not know","98.1","263.9","None","Car or motor vehicle","Walking for pleasure (not as a means of transport)",NA,NA,NA,NA,NA,NA,NA,NA,"2-3 times in the last 4 weeks","Between 1 hour and 1.5 hours","312","159","161.5","169.6","296","349","62.8","65.4","Slow pace","98","63","23","Drink about the same",NA,NA,NA,NA,"One to three times a month","Usually","60","44","18","No","48","93","72","76","56","67","64","80","38","22","4","35",NA,NA,NA,NA,NA,NA,NA,"Volunteering group","2-4 times a week","Definitely a 'morning' person","Never/rarely","10.8","Never/rarely","No","Never/rarely","Not easy at all",NA,NA,NA,NA,NA,NA,NA,NA,NA,NA,NA,NA,NA,NA,NA,NA,NA,NA,NA,NA,NA,NA,NA,NA,NA,NA,NA,NA,NA,NA,NA,NA,NA,NA,NA,NA,"No, not at all",NA,NA,"I have not used any of these tobacco products",NA,NA,NA,NA,NA,NA,NA,NA,NA
"DF769678","Do not know","Do not know","64.1","247.7","Do not know","Car or motor vehicle","Strenuous sports; Other exercises (e.g., swimming, cycling, keep fit, bowling)",NA,NA,NA,NA,"2-3 times in the last 4 weeks","Between 1.5 hours and 2 hours","Prefer not to answer","Between 30 minutes and 1 hour",NA,NA,"186","328","58.6","282.3","174","290","266.3","1.4","Steady average pace","96","66","51","Drink about the same",NA,NA,NA,NA,"Daily or almost daily","Usually","13","13","36","No","12","53","43","85","78","57","72","62","52","40","31","61",NA,NA,NA,NA,NA,NA,NA,"Pub or social club","2-4 times a week","Definitely a 'morning' person","Never/rarely","17.3","Never/rarely","No","Prefer not to answer","Fairly easy","or more","11-49","6","2","8",NA,"About the same?",NA,"Prefer not to answer",NA,NA,NA,NA,NA,"1.7",NA,"One day per week","Less than 1 hour per day","63","12","No","53","85",NA,NA,NA,"Yes","Cigars or pipes","Current regular smoker","36","34","32","32","Hand-rolled cigarettes","Hand-rolled cigarettes",NA,"Yes, some days","53","Just tried once or twice","Cigarettes","Yes","70","47",NA,"15-24 times /day",NA,"Nicotine e-liquid",NA,"I was a current smoker of tobacco cigarettes and was planning to quit"
"DV180935","Prefer not to answer","Prefer not to answer","217.0","276.3","None","Car or motor vehicle","Strenuous sports",NA,NA,NA,NA,NA,NA,"2-3 times in the last 4 weeks","Between 1.5 hours and 2 hours",NA,NA,"319","87","196.0","228.8","296","122","18.0","100.7","Brisk pace","49","7","79","Prefer not to answer",NA,NA,NA,NA,"Three or four times a week","Usually","63","21","8","No","40","69","5","32","89","93","58","57","65","33","47","4",NA,NA,NA,NA,NA,NA,NA,"Sports club or gym","1-3 times a month",NA,"Never/rarely","9.7","Sometimes","No","Usually","Prefer not to answer","50-99","Prefer not to answer","92","76","9",NA,"About the same?",NA,"No",NA,NA,NA,NA,NA,NA,NA,"Never","Less than 1 hour per day","54","20","No","30","34",NA,NA,NA,"Yes","None of the above","Current regular smoker","13","5","68","81","None of the above","Hand-rolled cigarettes",NA,"Yes, but rarely","86","Just tried once or twice","Chewing tobacco, snus, snuff, Gutkha, or dip (e.g., Skruf, Tulsi, Sikandar, conwood, Al Capone powder)","No","45","47",NA,NA,NA,NA,NA,NA
"VL559689","Do not know","Do not know","207.3","6.2","11-15 times a day","Prefer not to answer","Walking for pleasure (not as a means of transport)",NA,NA,NA,NA,NA,NA,NA,NA,"2-3 times a week","Less than 15 minutes","157","358","147.2","33.0","158","268","230.9","90.1","Steady average pace","68","76","63","Drink about the same",NA,NA,NA,NA,"Once or twice a week","Usually","19","83","25","No","23","74","32","30","78","99","89","87","98","32","64","34",NA,NA,NA,NA,NA,NA,NA,"Religious group","Less than once a month","More an 'evening' than a 'morning' person","Often","12.9","Never/rarely","No","Never/rarely","Not very easy",NA,NA,NA,NA,NA,NA,NA,NA,NA,NA,NA,NA,NA,NA,NA,NA,NA,NA,NA,NA,NA,NA,NA,NA,NA,NA,NA,NA,NA,NA,NA,NA,NA,NA,NA,NA,"No, not at all",NA,NA,"I have not used any of these tobacco products",NA,NA,NA,NA,NA,NA,NA,NA,NA
"RG924737","Prefer not to answer","Do not know","218.1","32.3","6-10 times a day","Walk","Prefer not to answer",NA,NA,NA,NA,NA,NA,NA,NA,NA,NA,"141","284","142.1","6.6","308","28","143.2","137.8","Steady average pace","27","95","30","Stopped drinking","Personal choice","Medical condition",NA,NA,"Daily or almost daily","Sometimes","49","56","95","No","26","43","95","63","65","18","88","12","17","84","14","48",NA,NA,NA,NA,NA,NA,NA,"Sports club or gym","2-4 times a week","More an 'evening' than a 'morning' person","Never/rarely","21.8","Never/rarely","No","Prefer not to answer","Fairly easy",NA,NA,NA,NA,NA,NA,NA,NA,NA,NA,NA,NA,NA,NA,NA,NA,NA,NA,NA,NA,NA,NA,NA,NA,NA,NA,NA,NA,NA,NA,NA,NA,NA,NA,NA,NA,"No, not at all",NA,NA,"I have not used any of these tobacco products",NA,NA,NA,NA,NA,NA,NA,NA,NA
"ML444963","Do not know","Do not know","160.5","268.0","1-5 times a day","Car or motor vehicle","Other exercises (e.g., swimming, cycling, keep fit, bowling)",NA,NA,NA,NA,"2-3 times in the last 4 weeks","Between 2 and 3 hours",NA,NA,NA,NA,"187","53","99.4","7.2","140","286","201.1","140.1","Steady average pace","92","38","92",NA,NA,NA,NA,NA,"Never",NA,"51","96","2","No","43","48","81","51","21","32","15","10","91","29","54","6",NA,NA,NA,NA,NA,NA,NA,"Religious group","Less than once a month","More an 'evening' than a 'morning' person","Never/rarely","6.0","Sometimes","No",NA,"Not very easy","50-99","Prefer not to answer","84","23",NA,NA,NA,NA,NA,NA,NA,NA,NA,NA,"6.4",NA,"One day per week","3 to 5 hours per day","83","62","No","94","50",NA,NA,NA,"No",NA,NA,"13","75","82","38","Prefer not to answer",NA,NA,"No, not at all","92","I have never smoked","Cigar","No","27","25",NA,NA,NA,NA,NA,NA
"EE554544","Do not know","Do not know","52.0","202.3","None","Car or motor vehicle","Walking for pleasure (not as a means of transport)",NA,NA,NA,NA,NA,NA,NA,NA,"Once in the last 4 weeks","Between 30 minutes and 1 hour","218","226","178.8","61.7","25","78","267.7","185.2","Brisk pace","91","41","67",NA,NA,NA,NA,NA,"Prefer not to answer",NA,"67","77","19",NA,"66","32","88","82","23","97","90","5","75","68","78","47",NA,NA,NA,NA,NA,NA,NA,"No regular group","2-4 times a week","Prefer not to answer","Never/rarely","18.3",NA,"Yes","Sometimes","Not easy at all",NA,NA,NA,NA,NA,NA,NA,NA,NA,NA,NA,NA,NA,NA,NA,NA,NA,NA,NA,NA,NA,NA,NA,NA,NA,NA,NA,NA,NA,NA,NA,NA,NA,NA,NA,NA,"No, not at all",NA,NA,"I have not used any of these tobacco products",NA,NA,NA,NA,NA,NA,NA,NA,NA
"DR872470","Do not know","Do not know","51.0","254.6","1-5 times a day","Car or motor vehicle","Heavy DIY (e.g., DIY that requires a lot of physical effort)","Once in the last 4 weeks","Between 15 and 30 minutes",NA,NA,NA,NA,NA,NA,NA,NA,"347","104","11.6","296.0","271","141","23.7","124.3","Steady average pace","59","16","94",NA,NA,NA,NA,NA,"Never",NA,"32","91","40","No","63","8","34","45","82","72","83","38","41","12","52","90",NA,NA,NA,NA,NA,NA,NA,"No regular group","1-3 times a month","Definitely a 'morning' person","Sometimes","22.3","Never/rarely","Yes","Sometimes","Very easy","10 or less","10 or less","92","62","56",NA,"About the same?",NA,"Prefer not to answer",NA,NA,NA,NA,NA,"1.7",NA,"A few days per year","1 to 2 hours per day","48","70","No","12","82",NA,NA,NA,"Yes","Manufactured cigarettes","Current occasional smoker","81","89","42","90","Manufactured cigarette","Manufactured cigarette",NA,"Yes, every day","32","Smoked on most or all days","Pipe","Yes","79","83",NA,"2-3 times/mo",NA,"Nicotine e-liquid",NA,"I was a current smoker of tobacco cigarettes and had no plans to quit"
"BG301394","Prefer not to answer","Prefer not to answer","18.0","56.1","1-5 times a day","Car or motor vehicle","Light DIY (e.g., DIY that does not require a lot of physical effort); Other exercises (e.g., swimming, cycling, keep fit, bowling)",NA,NA,"2-3 times in the last 4 weeks","Between 30 minutes and 1 hour","Once a week","Between 1 hour and 1.5 hours",NA,NA,NA,NA,"49","302","95.8","31.5","135","195","34.1","194.1","Slow pace","81","17","27","Drink about the same",NA,NA,NA,NA,"Once or twice a week","Always","1","17","35","No","63","55","59","99","53","76","48","71","99","11","48","9",NA,NA,NA,NA,NA,NA,NA,"Prefer not to answer","2-4 times a week","More an 'evening' than a 'morning' person","Never/rarely","8.0","Sometimes","Yes","Sometimes","Fairly easy",NA,NA,NA,NA,NA,NA,NA,NA,NA,NA,NA,NA,NA,NA,NA,NA,NA,NA,NA,NA,NA,NA,NA,NA,NA,NA,NA,NA,NA,NA,NA,NA,NA,NA,NA,NA,"No, not at all",NA,NA,"I have not used any of these tobacco products",NA,NA,NA,NA,NA,NA,NA,NA,NA
"XM528552","Prefer not to answer","Prefer not to answer","184.0","46.9","6-10 times a day","Car or motor vehicle","Strenuous sports; Walking for pleasure (not as a means of transport)",NA,NA,NA,NA,NA,NA,"Prefer not to answer","Between 1 hour and 1.5 hours","2-3 times a week","Between 1 hour and 1.5 hours","297","305","45.7","71.2","258","363","234.0","183.0","Slow pace","18","60","64","Stopped drinking","Personal choice","Medication interaction",NA,NA,"Once or twice a week","Sometimes","99","86","79","No","91","95","56","59","64","49","24","41","73","1","75","42",NA,NA,NA,NA,NA,NA,NA,"Sports club or gym","Once a week","More an 'evening' than a 'morning' person",NA,"11.5","Sometimes","No","Sometimes","Very easy","or more","11-49","7","83",NA,NA,NA,NA,NA,NA,NA,NA,NA,NA,NA,NA,"Never","3 to 5 hours per day","23","29","No","13","13",NA,NA,NA,"No",NA,NA,"12","11","53","99","Manufactured cigarette",NA,NA,"No, not at all","98","I have never smoked","Chewing tobacco, snus, snuff, Gutkha, or dip (e.g., Skruf, Tulsi, Sikandar, conwood, Al Capone powder)","No","41","67",NA,NA,NA,NA,NA,NA
"RZ284340","Do not know","Prefer not to answer","247.1","127.4","6-10 times a day","Car or motor vehicle","Prefer not to answer",NA,NA,NA,NA,NA,NA,NA,NA,NA,NA,"79","155","177.6","86.1","291","76","247.1","192.0","Brisk pace","46","94","87","Drink less than before",NA,NA,"Health reasons","Health advice","One to three times a month","Sometimes","65","55","77","No","54","24","18","41","80","41","37","40","29","27","50","61",NA,NA,NA,NA,NA,NA,NA,"Volunteering group","Almost daily","Definitely an 'evening' person","Sometimes","20.5","Sometimes","No","Never/rarely","Very easy","10 or less","Prefer not to answer","71","15","3",NA,"More nowadays?",NA,"No",NA,NA,NA,NA,NA,"5.1",NA,"One day per week","1 to 2 hours per day","35","91","Yes, one household member smokes","44","63",NA,NA,NA,"Yes","Hand-rolled cigarettes","Current regular smoker","21","87","79","75","Manufactured cigarette","Manufactured cigarette",NA,"Yes, some days","11","Smoked on most or all days","Cigarettes (manufactured or hand-rolled)","No","37","29",NA,NA,NA,NA,NA,NA
"CV789514","Prefer not to answer","Prefer not to answer","5.5","142.7","None","Car or motor vehicle","Other exercises (e.g., swimming, cycling, keep fit, bowling)",NA,NA,NA,NA,"2-3 times a week","Between 30 minutes and 1 hour",NA,NA,NA,NA,"333","286","239.2","249.0","244","275","289.3","119.6","Steady average pace","90","48","10","Drink less than before",NA,NA,"Cost reasons","Health advice","Three or four times a week","Usually","35","29","54","No","29","1","1","52","80","12","30","95","38","91","41","100",NA,NA,NA,NA,NA,NA,NA,"Religious group","1-3 times a month","Definitely an 'evening' person","Never/rarely","10.4","Sometimes","No","Usually","Fairly easy",NA,NA,NA,NA,NA,NA,NA,NA,NA,NA,NA,NA,NA,NA,NA,NA,NA,NA,NA,NA,NA,NA,NA,NA,NA,NA,NA,NA,NA,NA,NA,NA,NA,NA,NA,NA,"Yes, every day",NA,NA,"I have not used any of these tobacco products",NA,NA,NA,NA,NA,NA,NA,NA,NA
"XB143873","Prefer not to answer","Prefer not to answer","77.7","81.1","11-15 times a day","Car or motor vehicle","None of the above",NA,NA,NA,NA,NA,NA,NA,NA,NA,NA,"190","106","170.2","138.5","350","67","28.1","65.9","Steady average pace","4","97","12","Drink less than before",NA,NA,"Health reasons","Training/fitness","Three or four times a week","Sometimes","27","15","89","No","10","92","71","5","57","20","48","74","66","72","81","40",NA,NA,NA,NA,NA,NA,NA,"Sports club or gym","Never","More a 'morning' than 'evening' person","Never/rarely","2.0","Sometimes","No","Sometimes","Very easy",NA,NA,NA,NA,NA,NA,NA,NA,NA,NA,NA,NA,NA,NA,NA,NA,NA,NA,NA,NA,NA,NA,NA,NA,NA,NA,NA,NA,NA,NA,NA,NA,NA,NA,NA,NA,"No, not at all",NA,NA,"I have not used any of these tobacco products",NA,NA,NA,NA,NA,NA,NA,NA,NA
"WC333350","Do not know","Prefer not to answer","181.2","140.4","More than 20 times a day","Walk","Strenuous sports",NA,NA,NA,NA,NA,NA,"Every day","Between 30 minutes and 1 hour",NA,NA,"200","204","259.5","284.8","281","29","26.1","29.0","Steady average pace","59","3","11","Drink about the same",NA,NA,NA,NA,"Once or twice a week","Always","40","91","88","No","42","11","40","76","49","50","13","86","37","17","35","97",NA,NA,NA,NA,NA,NA,NA,"Religious group","Once a week","Definitely a 'morning' person","Often","15.0","Never/rarely","No","Never/rarely","Very easy",NA,NA,NA,NA,NA,NA,NA,NA,NA,NA,NA,NA,NA,NA,NA,NA,NA,NA,NA,NA,NA,NA,NA,NA,NA,NA,NA,NA,NA,NA,NA,NA,NA,NA,NA,NA,"No, not at all",NA,NA,"I have not used any of these tobacco products",NA,NA,NA,NA,NA,NA,NA,NA,NA
"QA128483","Do not know","Do not know","293.0","200.4","6-10 times a day","Mixed modes","Heavy DIY (e.g., DIY that requires a lot of physical effort)","Do not know","Between 30 minutes and 1 hour",NA,NA,NA,NA,NA,NA,NA,NA,"174","2","58.7","287.1","33","22","195.5","97.2","Steady average pace","98","98","90","Drink more than before",NA,NA,NA,NA,"One to three times a month","Sometimes","34","56","98","No","16","87","22","94","91","64","73","12","26","35","26","46",NA,NA,NA,NA,NA,NA,NA,"No regular group","Once a week","More an 'evening' than a 'morning' person","Sometimes","8.2","Never/rarely","No","Usually","Fairly easy",NA,NA,NA,NA,NA,NA,NA,NA,NA,NA,NA,NA,NA,NA,NA,NA,NA,NA,NA,NA,NA,NA,NA,NA,NA,NA,NA,NA,NA,NA,NA,NA,NA,NA,NA,NA,"Yes, every day",NA,NA,"I have not used any of these tobacco products",NA,NA,NA,NA,NA,NA,NA,NA,NA
"UO950546","Do not know","Do not know","219.6","9.8","6-10 times a day","Cycle","Strenuous sports",NA,NA,NA,NA,NA,NA,"2-3 times in the last 4 weeks","Between 15 and 30 minutes",NA,NA,"120","327","189.2","209.3","350","65","296.3","245.3","Steady average pace","76","3","56","Drink about the same",NA,NA,NA,NA,"Once or twice a week","Sometimes","9","3","15","No","65","99","79","63","54","63","49","95","40","63","94","60",NA,NA,NA,NA,NA,NA,NA,"No regular group","1-3 times a month","Definitely a 'morning' person","Never/rarely","15.2","Never/rarely","No","Sometimes","Fairly easy","50-99","or more","31","17",NA,NA,NA,NA,NA,NA,NA,NA,NA,NA,"3.8",NA,"Prefer not to answer","1 to 2 hours per day","76","27","Yes, more than one household member smokes","84","76",NA,NA,NA,"No",NA,NA,"64","45","40","54","Prefer not to answer",NA,NA,"No, not at all","83","I have never smoked","Cigarettes","No","27","38",NA,NA,NA,NA,NA,NA
"ZT119547","Prefer not to answer","Do not know","281.7","286.6","1-5 times a day","Car or motor vehicle","Other exercises (e.g., swimming, cycling, keep fit, bowling)",NA,NA,NA,NA,"Once in the last 4 weeks","Between 1.5 hours and 2 hours",NA,NA,NA,NA,"302","296","14.7","198.0","24","321","227.8","113.0","Brisk pace","7","96","90","Drink less than before",NA,NA,"Health reasons","Religious/cultural","One to three times a month","Never","33","44","23","No","12","4","21","46","24","22","74","60","5","94","52","34",NA,NA,NA,NA,NA,NA,NA,"Sports club or gym","1-3 times a month","More a 'morning' than 'evening' person",NA,"0.9","Sometimes","No","Never/rarely","Very easy",NA,NA,NA,NA,NA,NA,NA,NA,NA,NA,NA,NA,NA,NA,NA,NA,NA,NA,NA,NA,NA,NA,NA,NA,NA,NA,NA,NA,NA,NA,NA,NA,NA,NA,NA,NA,"No, not at all",NA,NA,"I have not used any of these tobacco products",NA,NA,NA,NA,NA,NA,NA,NA,NA
"RK120899","Do not know","Prefer not to answer","200.7","162.4","1-5 times a day","Car or motor vehicle","Light DIY (e.g., DIY that does not require a lot of physical effort)",NA,NA,"Once a week","Between 2 and 3 hours",NA,NA,NA,NA,NA,NA,"106","17","223.3","137.7","224","226","114.4","273.0","Do not know","5","35","16","Drink about the same",NA,NA,NA,NA,"Daily or almost daily","Sometimes","79","84","52","No","20","38","95","69","69","51","81","95","84","59","64","82",NA,NA,NA,NA,NA,NA,NA,"Sports club or gym","Less than once a month","More a 'morning' than 'evening' person","Sometimes","13.6","Never/rarely","Yes","Usually","Very easy","50-99","or more","63","36","4",NA,"Less nowadays?",NA,"No",NA,"No",NA,NA,"Doctor advice","4.1",NA,"A few days per year","1 to 2 hours per day","90","52","No","60","32",NA,"Health reasons",NA,"Yes","Manufactured cigarettes",NA,"47","32","90","32","Manufactured cigarette",NA,NA,"No, not at all","50","Just tried once or twice","Shisha","No","100","57",NA,NA,NA,NA,NA,NA
"FI628289","Prefer not to answer","Prefer not to answer","187.6","256.1","6-10 times a day","Mixed modes","None of the above",NA,NA,NA,NA,NA,NA,NA,NA,NA,NA,"51","330","272.9","243.1","208","334","212.6","181.2","Brisk pace","43","65","68",NA,NA,NA,NA,NA,"Prefer not to answer",NA,"51","41","83",NA,"62","50","15","84","4","41","4","43","82","30","93","41",NA,NA,NA,NA,NA,NA,NA,"No regular group","Once a week","More an 'evening' than a 'morning' person","Never/rarely","14.4","Never/rarely","Yes","Never/rarely","Fairly easy",NA,NA,NA,NA,NA,NA,NA,NA,NA,NA,NA,NA,NA,NA,NA,NA,NA,NA,NA,NA,NA,NA,NA,NA,NA,NA,NA,NA,NA,NA,NA,NA,NA,NA,NA,NA,"No, not at all",NA,NA,"I have not used any of these tobacco products",NA,NA,NA,NA,NA,NA,NA,NA,NA
"FV787068","Prefer not to answer","Prefer not to answer","143.0","174.2","None","Mixed modes","None of the above",NA,NA,NA,NA,NA,NA,NA,NA,NA,NA,"228","111","103.9","248.8","355","202","37.4","68.7","Do not know","66","12","21","Drink less than before",NA,NA,"Family/work responsibilities","Health advice","Once or twice a week","Usually","97","15","80","No","81","16","84","9","23","12","48","41","51","11","53","69",NA,NA,NA,NA,NA,NA,NA,"Pub or social club","2-4 times a week","Definitely a 'morning' person","Never/rarely","14.4","Never/rarely","Do not know","Sometimes","Very easy",NA,NA,NA,NA,NA,NA,NA,NA,NA,NA,NA,NA,NA,NA,NA,NA,NA,NA,NA,NA,NA,NA,NA,NA,NA,NA,NA,NA,NA,NA,NA,NA,NA,NA,NA,NA,"No, not at all",NA,NA,"I have not used any of these tobacco products",NA,NA,NA,NA,NA,NA,NA,NA,NA
"BJ743128","Do not know","Do not know","201.8","273.6","Do not know","Mixed modes","Other exercises (e.g., swimming, cycling, keep fit, bowling)",NA,NA,NA,NA,"Prefer not to answer","Between 15 and 30 minutes",NA,NA,NA,NA,"267","258","110.4","275.9","142","53","196.0","32.2","Fast pace","10","58","57",NA,NA,NA,NA,NA,"Prefer not to answer",NA,"40","81","89",NA,"67","46","46","75","13","92","19","38","93","69","55","49",NA,NA,NA,NA,NA,NA,NA,"Volunteering group; Religious group","Once a week","More a 'morning' than 'evening' person","Sometimes","23.6","Sometimes","No","Never/rarely","Fairly easy",NA,NA,NA,NA,NA,NA,NA,NA,NA,NA,NA,NA,NA,NA,NA,NA,NA,NA,NA,NA,NA,NA,NA,NA,NA,NA,NA,NA,NA,NA,NA,NA,NA,NA,NA,NA,"Prefer not to answer",NA,NA,"I have not used any of these tobacco products",NA,NA,NA,NA,NA,NA,NA,NA,NA
"TG363399","Do not know","Do not know","64.1","181.1","6-10 times a day","Car or motor vehicle","Walking for pleasure (not as a means of transport)",NA,NA,NA,NA,NA,NA,NA,NA,"2-3 times a week","Between 30 minutes and 1 hour","61","107","74.2","150.5","87","78","255.7","239.6","Steady average pace","55","75","92","Drink less than before",NA,NA,"Health reasons","Health advice","One to three times a month","Usually","50","56","26","No","91","36","30","25","75","27","86","38","54","93","22","99",NA,NA,NA,NA,NA,NA,NA,"Pub or social club","Once a week","Definitely a 'morning' person","Never/rarely","18.9","Never/rarely","No","Sometimes","Fairly easy","50-99","Prefer not to answer","64","95",NA,NA,NA,NA,NA,NA,NA,NA,NA,NA,"0.8",NA,"One day per month","1 to 2 hours per day","64","74","Yes, one household member smokes","68","42",NA,NA,NA,"No",NA,NA,"9","52","24","22","None of the above",NA,NA,"No, not at all","89","Smoked occasionally","Cigarettes","No","26","61",NA,NA,NA,NA,NA,NA
"CS257369","Prefer not to answer","Do not know","96.1","10.0","11-15 times a day","Car or motor vehicle","Other exercises (e.g., swimming, cycling, keep fit, bowling)",NA,NA,NA,NA,"4-5 times a week","Less than 15 minutes",NA,NA,NA,NA,"312","312","183.9","22.0","69","326","4.9","156.9","Slow pace","27","47","56",NA,NA,NA,NA,NA,"Never",NA,"36","40","58","No","3","87","91","18","31","31","9","72","27","25","88","37",NA,NA,NA,NA,NA,NA,NA,"Prefer not to answer","2-4 times a week","Definitely a 'morning' person","Never/rarely","17.8",NA,"No","Sometimes",NA,NA,NA,NA,NA,NA,NA,NA,NA,NA,NA,NA,NA,NA,NA,NA,NA,NA,NA,NA,NA,NA,NA,NA,NA,NA,NA,NA,NA,NA,NA,NA,NA,NA,NA,NA,NA,"No, not at all",NA,NA,"I have not used any of these tobacco products",NA,NA,NA,NA,NA,NA,NA,NA,NA
"VR894209","Do not know","Prefer not to answer","91.9","257.1","6-10 times a day","Walk","Other exercises (e.g., swimming, cycling, keep fit, bowling)",NA,NA,NA,NA,"Once in the last 4 weeks","Between 30 minutes and 1 hour",NA,NA,NA,NA,"52","54","53.2","6.1","195","348","150.9","176.2","Slow pace","16","65","57",NA,NA,NA,NA,NA,"Never",NA,"68","80","67","No","88","34","48","1","74","49","9","98","29","78","27","39",NA,NA,NA,NA,NA,NA,NA,"Sports club or gym; Arts/music group","2-4 times a week","Definitely a 'morning' person","Never/rarely","8.0","Usually","No","Sometimes","Do not know",NA,NA,NA,NA,NA,NA,NA,NA,NA,NA,NA,NA,NA,NA,NA,NA,NA,NA,NA,NA,NA,NA,NA,NA,NA,NA,NA,NA,NA,NA,NA,NA,NA,NA,NA,NA,"Yes, some days",NA,NA,"I have not used any of these tobacco products",NA,NA,NA,NA,NA,NA,NA,NA,NA
"UY553859","Do not know","Prefer not to answer","135.3","82.2","More than 20 times a day","Car or motor vehicle","Other exercises (e.g., swimming, cycling, keep fit, bowling)",NA,NA,NA,NA,"Once in the last 4 weeks","Between 1 hour and 1.5 hours",NA,NA,NA,NA,"129","235","269.0","67.1","226","143","170.4","286.8","Steady average pace","14","59","60","Prefer not to answer",NA,NA,NA,NA,"Daily or almost daily","Usually","57","35","41","No","83","93","99","71","78","74","70","20","72","91","28","78",NA,NA,NA,NA,NA,NA,NA,"No regular group","2-4 times a week","Do not know","Never/rarely","11.4","Never/rarely","Yes","Usually","Very easy",NA,NA,NA,NA,NA,NA,NA,NA,NA,NA,NA,NA,NA,NA,NA,NA,NA,NA,NA,NA,NA,NA,NA,NA,NA,NA,NA,NA,NA,NA,NA,NA,NA,NA,NA,NA,"No, not at all",NA,NA,"I have not used any of these tobacco products",NA,NA,NA,NA,NA,NA,NA,NA,NA
"BL684106","Prefer not to answer","Prefer not to answer","159.2","296.4","11-15 times a day","Mixed modes","Heavy DIY (e.g., DIY that requires a lot of physical effort)","Once in the last 4 weeks","Between 1 hour and 1.5 hours",NA,NA,NA,NA,NA,NA,NA,NA,"13","346","204.6","45.6","8","28","290.9","138.4","Steady average pace","53","27","60",NA,NA,NA,NA,NA,"Never",NA,"29","92","33","Prefer not to answer","73","81","25","74","22","9","42","49","18","36","25","49",NA,NA,NA,NA,NA,NA,NA,"Prefer not to answer","Once a week","Definitely a 'morning' person","Do not know","2.5","Usually","No","Never/rarely","Not very easy",NA,NA,NA,NA,NA,NA,NA,NA,NA,NA,NA,NA,NA,NA,NA,NA,NA,NA,NA,NA,NA,NA,NA,NA,NA,NA,NA,NA,NA,NA,NA,NA,NA,NA,NA,NA,"No, not at all",NA,NA,"I have not used any of these tobacco products",NA,NA,NA,NA,NA,NA,NA,NA,NA
"WJ862249","Prefer not to answer","Prefer not to answer","148.6","111.9","1-5 times a day","Public transport","Walking for pleasure (not as a means of transport)",NA,NA,NA,NA,NA,NA,NA,NA,"Once a week","Between 30 minutes and 1 hour","311","208","90.7","165.6","339","251","205.9","251.9","Brisk pace","0","16","4","Stopped drinking","Personal choice","Other",NA,NA,"One to three times a month","Never","83","36","77","No","89","61","18","89","23","33","62","46","90","40","24","59",NA,NA,NA,NA,NA,NA,NA,"Pub or social club","Once a week","More an 'evening' than a 'morning' person","Sometimes","5.6","Never/rarely","Yes","Sometimes","Not very easy","10 or less","50-99","30","60",NA,NA,NA,NA,NA,NA,NA,NA,NA,NA,NA,NA,"Never","1 to 2 hours per day","95","64","No","67","87",NA,NA,NA,"No",NA,NA,"73","79","32","88","Prefer not to answer",NA,NA,"No, not at all","62","I have never smoked","Prefer not to answer","Prefer not to answer","49","65",NA,NA,NA,NA,NA,NA
"FI768000","Prefer not to answer","Do not know","250.6","250.2","6-10 times a day","Car or motor vehicle","Prefer not to answer",NA,NA,NA,NA,NA,NA,NA,NA,NA,NA,"22","126","134.4","270.5","59","190","61.0","179.2","Fast pace","89","55","86","Drink about the same",NA,NA,NA,NA,"One to three times a month","Sometimes","93","41","91","No","73","89","39","2","81","16","4","50","24","26","5","15",NA,NA,NA,NA,NA,NA,NA,"Sports club or gym","Less than once a month","More an 'evening' than a 'morning' person","Sometimes","8.7","Never/rarely","No","Sometimes","Very easy",NA,NA,NA,NA,NA,NA,NA,NA,NA,NA,NA,NA,NA,NA,NA,NA,NA,NA,NA,NA,NA,NA,NA,NA,NA,NA,NA,NA,NA,NA,NA,NA,NA,NA,NA,NA,"Yes, but rarely",NA,NA,"I have not used any of these tobacco products",NA,NA,NA,NA,NA,NA,NA,NA,NA
"ZS970270","Do not know","Do not know","175.5","299.5","None","Walk","Walking for pleasure (not as a means of transport)",NA,NA,NA,NA,NA,NA,NA,NA,"Do not know","Between 30 minutes and 1 hour","59","251","120.4","190.5","54","329","183.1","66.7","Brisk pace","95","39","7","Drink less than before",NA,NA,"Cost reasons","Training/fitness","Special occasions only","Sometimes","51","7","67","No","88","78","40","11","9","87","27","95","46","37","17","56",NA,NA,NA,NA,NA,NA,NA,"Religious group","1-3 times a month","More a 'morning' than 'evening' person","Never/rarely","22.2","Never/rarely","No","Never/rarely","Fairly easy",NA,NA,NA,NA,NA,NA,NA,NA,NA,NA,NA,NA,NA,NA,NA,NA,NA,NA,NA,NA,NA,NA,NA,NA,NA,NA,NA,NA,NA,NA,NA,NA,NA,NA,NA,NA,"No, not at all",NA,NA,"I have not used any of these tobacco products",NA,NA,NA,NA,NA,NA,NA,NA,NA
"JO337625","Do not know","Prefer not to answer","61.6","200.7","1-5 times a day","Car or motor vehicle","Heavy DIY (e.g., DIY that requires a lot of physical effort)","2-3 times in the last 4 weeks","Between 30 minutes and 1 hour",NA,NA,NA,NA,NA,NA,NA,NA,"348","81","247.5","224.1","88","121","129.3","117.3","Steady average pace","97","78","15","Drink about the same",NA,NA,NA,NA,"One to three times a month","Sometimes","60","60","91","No","45","89","50","97","56","42","2","11","22","98","15","4",NA,NA,NA,NA,NA,NA,NA,"Sports club or gym","Once a week","More an 'evening' than a 'morning' person","Never/rarely","1.3","Never/rarely","No","Usually","Very easy","11-49","or more","27","85","2",NA,"About the same?",NA,"Yes","Health",NA,NA,NA,NA,NA,NA,"Never","1 to 2 hours per day","63","29","No","73","29",NA,NA,NA,"Yes","Manufactured cigarettes",NA,"69","43","97","39","None of the above",NA,NA,"No, not at all","36","Smoked on most or all days","Electronic delivery devices that can be vaped, such as e-cigarettes (e.g., UWELL, Vype, Vuse, Vapouriz, WizMix)","No","94","26",NA,NA,NA,NA,NA,NA
"HN387199","Do not know","Prefer not to answer","152.4","148.6","1-5 times a day","Prefer not to answer","Walking for pleasure (not as a means of transport)",NA,NA,NA,NA,NA,NA,NA,NA,"Once a week","Between 2 and 3 hours","343","61","56.9","87.6","74","198","55.7","265.8","Brisk pace","2","62","49",NA,NA,NA,NA,NA,"Never",NA,"37","66","42",NA,"90","38","0","86","90","84","58","99","94","39","17","12",NA,NA,NA,NA,NA,NA,NA,"Sports club or gym","Less than once a month","More a 'morning' than 'evening' person","Sometimes","22.2","Never/rarely","No","Never/rarely","Fairly easy","or more","or more","67","35","7",NA,"More nowadays?",NA,"Do not know",NA,NA,NA,NA,NA,NA,NA,"Never","Less than 1 hour per day","38","83","No","46","84",NA,NA,NA,"Yes","Manufactured cigarettes","Current regular smoker","79","68","66","91","Hand-rolled cigarettes","Prefer not to answer",NA,"Yes, but rarely","79","Smoked on most or all days","Shisha","Yes","73","99",NA,"3-6 times /week",NA,"Nicotine e-liquid",NA,"I had stopped smoking tobacco cigarettes"
"EW846474","Prefer not to answer","Prefer not to answer","297.8","185.9","None","Public transport","Walking for pleasure (not as a means of transport)",NA,NA,NA,NA,NA,NA,NA,NA,"2-3 times in the last 4 weeks","Between 30 minutes and 1 hour","69","23","152.6","126.0","330","102","144.3","26.2","Steady average pace","32","61","29","Drink about the same",NA,NA,NA,NA,"Special occasions only","Sometimes","81","60","47","No","8","57","47","63","5","79","4","72","28","46","52","77",NA,NA,NA,NA,NA,NA,NA,"Arts/music group","Less than once a month","Definitely a 'morning' person",NA,"18.0","Never/rarely",NA,NA,"Fairly easy",NA,NA,NA,NA,NA,NA,NA,NA,NA,NA,NA,NA,NA,NA,NA,NA,NA,NA,NA,NA,NA,NA,NA,NA,NA,NA,NA,NA,NA,NA,NA,NA,NA,NA,NA,NA,"Yes, every day",NA,NA,"I have not used any of these tobacco products",NA,NA,NA,NA,NA,NA,NA,NA,NA
"AC630589","Do not know","Do not know","1.9","284.1","11-15 times a day","Walk","Walking for pleasure (not as a means of transport); Heavy DIY (e.g., DIY that requires a lot of physical effort)","2-3 times in the last 4 weeks","Less than 15 minutes",NA,NA,NA,NA,NA,NA,"2-3 times a week","Between 30 minutes and 1 hour","226","144","111.8","41.9","165","172","122.8","37.7","Steady average pace","8","20","5","Drink about the same",NA,NA,NA,NA,"Daily or almost daily","Sometimes","85","13","59","No","1","69","42","4","60","41","15","36","58","68","23","100",NA,NA,NA,NA,NA,NA,NA,"Religious group; Volunteering group","2-4 times a week","More a 'morning' than 'evening' person","Never/rarely","18.9",NA,"Yes","Usually","Very easy",NA,NA,NA,NA,NA,NA,NA,NA,NA,NA,NA,NA,NA,NA,NA,NA,NA,NA,NA,NA,NA,NA,NA,NA,NA,NA,NA,NA,NA,NA,NA,NA,NA,NA,NA,NA,"Prefer not to answer",NA,NA,"I have not used any of these tobacco products",NA,NA,NA,NA,NA,NA,NA,NA,NA
"QV257348","Prefer not to answer","Prefer not to answer","56.4","267.5","1-5 times a day","Car or motor vehicle","Other exercises (e.g., swimming, cycling, keep fit, bowling)",NA,NA,NA,NA,"Once a week","Over 3 hours",NA,NA,NA,NA,"241","269","165.3","139.4","70","44","65.4","41.5","Brisk pace","18","100","13",NA,NA,NA,NA,NA,"Never",NA,"23","54","99","No","91","83","34","98","45","30","60","57","54","22","35","97",NA,NA,NA,NA,NA,NA,NA,"Prefer not to answer","Almost daily","More an 'evening' than a 'morning' person","Never/rarely","22.5","Sometimes","No","Sometimes","Not easy at all","11-49","10 or less","36","20","6",NA,"Prefer not to answer",NA,"Do not know",NA,NA,NA,NA,NA,NA,NA,"Never","1 to 2 hours per day","93","65","No","29","79",NA,NA,NA,"Yes","Manufactured cigarettes",NA,"70","18","93","23","Hand-rolled cigarettes",NA,NA,"No, not at all","85","Smoked on most or all days","Cigars, cigarillos, or little filtered cigar (e.g., Montecristo, Romeo Y Julieta, Cohiba, Davidoff, Neos red)","Prefer not to answer","33","14",NA,NA,NA,NA,NA,NA
"GT399361","Prefer not to answer","Do not know","231.5","255.3","1-5 times a day","Prefer not to answer","Walking for pleasure (not as a means of transport)",NA,NA,NA,NA,NA,NA,NA,NA,"2-3 times in the last 4 weeks","Less than 15 minutes","228","63","153.8","267.0","25","47","282.3","217.3","Steady average pace","11","37","25","Drink about the same",NA,NA,NA,NA,"Once or twice a week","Usually","98","31","30","No","89","45","86","34","57","53","82","26","72","69","72","99",NA,NA,NA,NA,NA,NA,NA,"Pub or social club; Sports club or gym","2-4 times a week","Definitely a 'morning' person","Never/rarely","18.4","Usually","No","Sometimes","Fairly easy",NA,NA,NA,NA,NA,NA,NA,NA,NA,NA,NA,NA,NA,NA,NA,NA,NA,NA,NA,NA,NA,NA,NA,NA,NA,NA,NA,NA,NA,NA,NA,NA,NA,NA,NA,NA,"No, not at all",NA,NA,"I have not used any of these tobacco products",NA,NA,NA,NA,NA,NA,NA,NA,NA
"DJ646786","Do not know","Prefer not to answer","80.2","293.0","None","Car or motor vehicle","None of the above",NA,NA,NA,NA,NA,NA,NA,NA,NA,NA,"52","38","284.5","284.4","64","99","33.9","190.6","Steady average pace","0","6","87","Drink more than before",NA,NA,NA,NA,"Three or four times a week","Usually","59","96","44","No","77","27","10","90","1","22","57","33","94","17","43","34",NA,NA,NA,NA,NA,NA,NA,"Volunteering group","1-3 times a month","Definitely a 'morning' person",NA,"15.2","Never/rarely","Yes","Never/rarely","Very easy",NA,NA,NA,NA,NA,NA,NA,NA,NA,NA,NA,NA,NA,NA,NA,NA,NA,NA,NA,NA,NA,NA,NA,NA,NA,NA,NA,NA,NA,NA,NA,NA,NA,NA,NA,NA,"No, not at all",NA,NA,"I have not used any of these tobacco products",NA,NA,NA,NA,NA,NA,NA,NA,NA
"MB594251","Do not know","Do not know","55.5","249.4","11-15 times a day","Prefer not to answer","Walking for pleasure (not as a means of transport)",NA,NA,NA,NA,NA,NA,NA,NA,"Once a week","Between 1 hour and 1.5 hours","146","167","57.0","14.0","344","171","234.9","146.6","Steady average pace","35","98","61","Drink about the same",NA,NA,NA,NA,"Once or twice a week","Usually","43","26","100","No","54","85","63","17","78","17","92","100","52","75","67","50",NA,NA,NA,NA,NA,NA,NA,"Sports club or gym","2-4 times a week","Definitely a 'morning' person","Sometimes","14.0","Usually","Yes",NA,"Very easy",NA,NA,NA,NA,NA,NA,NA,NA,NA,NA,NA,NA,NA,NA,NA,NA,NA,NA,NA,NA,NA,NA,NA,NA,NA,NA,NA,NA,NA,NA,NA,NA,NA,NA,NA,NA,"No, not at all",NA,NA,"I have not used any of these tobacco products",NA,NA,NA,NA,NA,NA,NA,NA,NA
"JW190106","Do not know","Do not know","50.1","236.9","Prefer not to answer","Walk","Heavy DIY (e.g., DIY that requires a lot of physical effort); Strenuous sports","Do not know","Less than 15 minutes",NA,NA,NA,NA,"2-3 times in the last 4 weeks","Between 30 minutes and 1 hour",NA,NA,"171","248","191.6","121.8","346","100","40.4","193.5","Slow pace","13","36","20","Drink about the same",NA,NA,NA,NA,"Three or four times a week","Sometimes","35","49","45","No","12","100","27","31","30","38","94","46","71","19","63","41",NA,NA,NA,NA,NA,NA,NA,"No regular group","Almost daily","More a 'morning' than 'evening' person","Never/rarely","12.6",NA,"No","Never/rarely","Very easy",NA,NA,NA,NA,NA,NA,NA,NA,NA,NA,NA,NA,NA,NA,NA,NA,NA,NA,NA,NA,NA,NA,NA,NA,NA,NA,NA,NA,NA,NA,NA,NA,NA,NA,NA,NA,"No, not at all",NA,NA,"I have not used any of these tobacco products",NA,NA,NA,NA,NA,NA,NA,NA,NA
"IQ620828","Do not know","Prefer not to answer","39.7","89.8","1-5 times a day","Walk","None of the above",NA,NA,NA,NA,NA,NA,NA,NA,NA,NA,"228","233","45.9","116.6","121","200","265.8","29.2","Brisk pace","79","96","38",NA,NA,NA,NA,NA,"Prefer not to answer",NA,"44","39","45",NA,"94","99","45","26","96","82","48","16","48","2","70","62",NA,NA,NA,NA,NA,NA,NA,"Volunteering group","Less than once a month","More an 'evening' than a 'morning' person","Never/rarely","20.9","Never/rarely","No","Prefer not to answer","Very easy","Prefer not to answer","50-99","96","30","4",NA,"About the same?",NA,"Yes","Health",NA,NA,NA,NA,"3.1",NA,"One day per month","Less than 1 hour per day","83","66","No","48","69",NA,NA,NA,"Yes","None of the above","Prefer not to answer","13","32","79","61","Hand-rolled cigarettes","Manufactured cigarette",NA,"Yes, every day","18","Smoked occasionally","Cigarettes","Yes","40","77",NA,"3-6 times /week",NA,"Do not know",NA,"I had stopped smoking tobacco cigarettes"
"LR870863","Prefer not to answer","Prefer not to answer","225.8","138.7","Prefer not to answer","Car or motor vehicle","Walking for pleasure (not as a means of transport)",NA,NA,NA,NA,NA,NA,NA,NA,"4-5 times a week","Between 2 and 3 hours","80","259","132.2","63.6","307","43","30.8","217.8","Do not know","95","68","26","Drink less than before",NA,NA,"Health reasons","Health advice","Three or four times a week","Sometimes","57","38","4","No","11","20","69","33","0","94","61","68","85","22","44","54",NA,NA,NA,NA,NA,NA,NA,"No regular group","2-4 times a week","More a 'morning' than 'evening' person","Never/rarely","11.0","Never/rarely","No",NA,"Not very easy","11-49","50-99","73","98","19",NA,"About the same?",NA,"Yes","Health",NA,NA,NA,NA,"1.9",NA,"Most days of the week","6 to 9 hours per day","78","19","Yes, one household member smokes","35","40",NA,NA,NA,"Yes","Manufactured cigarettes","Current regular smoker","40","30","51","96","Prefer not to answer","Hand-rolled cigarettes",NA,"Yes, every day","88","Smoked on most or all days","Pipe","No","99","14",NA,NA,NA,NA,NA,NA
"TS230973","Do not know","Prefer not to answer","117.1","281.8","16-20 times a day","Mixed modes","Heavy DIY (e.g., DIY that requires a lot of physical effort); Walking for pleasure (not as a means of transport)","2-3 times a week","Between 30 minutes and 1 hour",NA,NA,NA,NA,NA,NA,"Every day","Between 30 minutes and 1 hour","237","312","214.9","38.3","15","93","14.1","74.3","Steady average pace","24","30","24",NA,NA,NA,NA,NA,"Prefer not to answer",NA,"20","82","10",NA,"69","32","96","77","57","13","68","86","64","61","26","91",NA,NA,NA,NA,NA,NA,NA,"No regular group","Less than once a month","Definitely an 'evening' person","Never/rarely","13.2",NA,"Yes","Sometimes","Very easy",NA,NA,NA,NA,NA,NA,NA,NA,NA,NA,NA,NA,NA,NA,NA,NA,NA,NA,NA,NA,NA,NA,NA,NA,NA,NA,NA,NA,NA,NA,NA,NA,NA,NA,NA,NA,"Yes, some days",NA,NA,"I have not used any of these tobacco products",NA,NA,NA,NA,NA,NA,NA,NA,NA
"IN441657","Prefer not to answer","Prefer not to answer","261.5","161.9","1-5 times a day","Car or motor vehicle","Strenuous sports",NA,NA,NA,NA,NA,NA,"Once in the last 4 weeks","Between 1 hour and 1.5 hours",NA,NA,"198","242","272.7","23.6","131","240","41.4","228.8","Brisk pace","8","3","84",NA,NA,NA,NA,NA,"Never",NA,"35","57","24","No","58","28","71","93","64","35","84","0","57","96","40","71",NA,NA,NA,NA,NA,NA,NA,"Volunteering group","Almost daily","More an 'evening' than a 'morning' person","Never/rarely","13.0","Usually","Prefer not to answer","Never/rarely","Fairly easy","or more","Prefer not to answer","88","76","3",NA,"More nowadays?",NA,"Yes","Other",NA,NA,NA,NA,"3.2",NA,"Prefer not to answer","3 to 5 hours per day","94","55","Yes, more than one household member smokes","36","80",NA,NA,NA,"Yes","Hand-rolled cigarettes","Current regular smoker","8","80","11","53","Hand-rolled cigarettes","Manufactured cigarette",NA,"Yes, but rarely","53","Smoked on most or all days","Shisha","No","92","55",NA,NA,NA,NA,NA,NA
"KQ151923","Do not know","Prefer not to answer","166.7","232.8","11-15 times a day","Car or motor vehicle","Other exercises (e.g., swimming, cycling, keep fit, bowling)",NA,NA,NA,NA,"Once a week","Between 15 and 30 minutes",NA,NA,NA,NA,"171","61","286.4","42.4","310","275","83.4","122.0","Steady average pace","64","26","50","Drink about the same",NA,NA,NA,NA,"Daily or almost daily","Usually","50","55","66","No","15","9","45","45","52","66","80","28","57","15","60","82",NA,NA,NA,NA,NA,NA,NA,"Arts/music group","Almost daily","More an 'evening' than a 'morning' person","Never/rarely","5.1","Never/rarely","No","Sometimes","Very easy","10 or less","10 or less","86","69",NA,NA,NA,NA,NA,NA,NA,NA,NA,NA,NA,NA,"Never","Prefer not to answer","39","24","No","35","12",NA,NA,NA,"No",NA,NA,"22","5","64","38","Hand-rolled cigarettes",NA,NA,"No, not at all","33","I have never smoked","Prefer not to answer","Yes","26","31",NA,"3-6 times /week",NA,"Nicotine e-liquid",NA,"I was a current smoker of tobacco cigarettes and was planning to quit"
"CJ992487","Do not know","Do not know","66.0","106.8","16-20 times a day","Car or motor vehicle","Light DIY (e.g., DIY that does not require a lot of physical effort); Other exercises (e.g., swimming, cycling, keep fit, bowling)",NA,NA,"4-5 times a week","Between 15 and 30 minutes","2-3 times in the last 4 weeks","Between 1 hour and 1.5 hours",NA,NA,NA,NA,"111","180","271.7","89.2","286","224","34.4","98.0","Do not know","11","56","3","Drink less than before",NA,NA,"Other","Medication interaction","One to three times a month","Sometimes","50","67","3","No","36","22","29","26","13","28","54","60","77","10","10","40",NA,NA,NA,NA,NA,NA,NA,"No regular group",NA,NA,"Never/rarely","21.4","Usually","Do not know","Sometimes","Very easy",NA,NA,NA,NA,NA,NA,NA,NA,NA,NA,NA,NA,NA,NA,NA,NA,NA,NA,NA,NA,NA,NA,NA,NA,NA,NA,NA,NA,NA,NA,NA,NA,NA,NA,NA,NA,"No, not at all",NA,NA,"I have not used any of these tobacco products",NA,NA,NA,NA,NA,NA,NA,NA,NA
"PE240206","Do not know","Prefer not to answer","185.3","277.6","1-5 times a day","Walk","Walking for pleasure (not as a means of transport)",NA,NA,NA,NA,NA,NA,NA,NA,"Every day","Between 15 and 30 minutes","67","146","3.0","157.8","128","57","249.8","122.2","Prefer not to answer","20","59","55",NA,NA,NA,NA,NA,"Never",NA,"77","8","12","No","47","54","46","35","35","54","39","96","24","52","60","8",NA,NA,NA,NA,NA,NA,NA,"Pub or social club","Less than once a month","More a 'morning' than 'evening' person","Sometimes","12.3","Sometimes","Do not know","Never/rarely","Very easy",NA,NA,NA,NA,NA,NA,NA,NA,NA,NA,NA,NA,NA,NA,NA,NA,NA,NA,NA,NA,NA,NA,NA,NA,NA,NA,NA,NA,NA,NA,NA,NA,NA,NA,NA,NA,"No, not at all",NA,NA,"I have not used any of these tobacco products",NA,NA,NA,NA,NA,NA,NA,NA,NA
"EM634585","Prefer not to answer","Do not know","153.3","82.5","11-15 times a day","Car or motor vehicle","Other exercises (e.g., swimming, cycling, keep fit, bowling); Heavy DIY (e.g., DIY that requires a lot of physical effort)","2-3 times a week","Between 2 and 3 hours",NA,NA,"Once a week","Between 2 and 3 hours",NA,NA,NA,NA,"292","184","110.4","144.1","301","346","104.5","176.5","Brisk pace","53","14","80",NA,NA,NA,NA,NA,"Never",NA,"75","97","75","No","12","74","39","93","21","21","84","14","79","97","59","25",NA,NA,NA,NA,NA,NA,NA,NA,"Once a week","More an 'evening' than a 'morning' person","Do not know","5.9","Never/rarely","Yes","Sometimes","Not very easy",NA,NA,NA,NA,NA,NA,NA,NA,NA,NA,NA,NA,NA,NA,NA,NA,NA,NA,NA,NA,NA,NA,NA,NA,NA,NA,NA,NA,NA,NA,NA,NA,NA,NA,NA,NA,"No, not at all",NA,NA,"I have not used any of these tobacco products",NA,NA,NA,NA,NA,NA,NA,NA,NA
"XR459522","Do not know","Do not know","190.4","216.3","None","Cycle","Other exercises (e.g., swimming, cycling, keep fit, bowling)",NA,NA,NA,NA,"Once a week","Between 1.5 hours and 2 hours",NA,NA,NA,NA,"201","280","281.8","221.6","224","46","198.5","220.7","Steady average pace","64","76","56","Drink more than before",NA,NA,NA,NA,"Once or twice a week","Always","38","32","73","No","78","80","100","55","65","79","12","97","78","88","72","73",NA,NA,NA,NA,NA,NA,NA,"Arts/music group","2-4 times a week","Prefer not to answer","Never/rarely","13.4","Never/rarely","No","Never/rarely","Not easy at all",NA,NA,NA,NA,NA,NA,NA,NA,NA,NA,NA,NA,NA,NA,NA,NA,NA,NA,NA,NA,NA,NA,NA,NA,NA,NA,NA,NA,NA,NA,NA,NA,NA,NA,NA,NA,"No, not at all",NA,NA,"I have not used any of these tobacco products",NA,NA,NA,NA,NA,NA,NA,NA,NA
"NS159293","Prefer not to answer","Prefer not to answer","237.2","151.6","6-10 times a day","Car or motor vehicle","Light DIY (e.g., DIY that does not require a lot of physical effort); Other exercises (e.g., swimming, cycling, keep fit, bowling)",NA,NA,"2-3 times a week","Between 30 minutes and 1 hour","2-3 times in the last 4 weeks","Between 2 and 3 hours",NA,NA,NA,NA,"9","138","183.3","71.6","114","55","54.1","176.1","Steady average pace","11","67","7","Drink about the same",NA,NA,NA,NA,"Special occasions only","Sometimes","31","61","34","No","80","13","92","13","87","49","42","68","39","40","31","80",NA,NA,NA,NA,NA,NA,NA,"Arts/music group","2-4 times a week","More an 'evening' than a 'morning' person","Never/rarely","10.4","Usually","No","Never/rarely","Very easy","10 or less","10 or less","86","96",NA,NA,NA,NA,NA,NA,NA,NA,NA,NA,"1.9",NA,"Every day","Less than 1 hour per day","94","29","No","49","36",NA,NA,NA,"No",NA,NA,"100","7","70","62","Manufactured cigarette",NA,NA,"No, not at all","81","I have never smoked","Electronic delivery devices that can be vaped, such as e-cigarettes (e.g., UWELL, Vype, Vuse, Vapouriz, WizMix)","No","23","11",NA,NA,NA,NA,NA,NA
"ES821960","Prefer not to answer","Prefer not to answer","107.5","162.3","1-5 times a day","Mixed modes","Walking for pleasure (not as a means of transport)",NA,NA,NA,NA,NA,NA,NA,NA,"2-3 times in the last 4 weeks","Between 1.5 hours and 2 hours","106","362","17.2","144.5","104","24","165.3","80.1","Slow pace","24","6","12","Drink about the same",NA,NA,NA,NA,"Daily or almost daily","Always","57","44","48","No","91","16","26","53","97","50","68","65","0","36","85","23",NA,NA,NA,NA,NA,NA,NA,"Religious group","1-3 times a month","Definitely a 'morning' person","Sometimes","7.4","Sometimes","No","Usually","Fairly easy",NA,NA,NA,NA,NA,NA,NA,NA,NA,NA,NA,NA,NA,NA,NA,NA,NA,NA,NA,NA,NA,NA,NA,NA,NA,NA,NA,NA,NA,NA,NA,NA,NA,NA,NA,NA,"Prefer not to answer",NA,NA,"I have not used any of these tobacco products",NA,NA,NA,NA,NA,NA,NA,NA,NA
"VJ115850","Do not know","Do not know","150.4","184.7","6-10 times a day","Mixed modes","Heavy DIY (e.g., DIY that requires a lot of physical effort); Walking for pleasure (not as a means of transport)","2-3 times a week","Between 15 and 30 minutes",NA,NA,NA,NA,NA,NA,"Once a week","Between 15 and 30 minutes","179","164","222.2","129.1","95","102","290.8","53.3","Slow pace","44","39","59",NA,NA,NA,NA,NA,"Prefer not to answer",NA,"62","20","17",NA,"32","100","46","4","68","67","58","4","50","55","26","17",NA,NA,NA,NA,NA,NA,NA,"Sports club or gym","Less than once a month","Definitely a 'morning' person","Never/rarely","4.2","Never/rarely","Yes","Never/rarely","Not very easy","11-49","or more","11","19","16",NA,"Less nowadays?",NA,"Yes","Health","No",NA,NA,"Other",NA,NA,"Never","1 to 2 hours per day","69","84","No","99","64",NA,"Family/children",NA,"Yes","Manufactured cigarettes","Current occasional smoker","97","46","67","20","Hand-rolled cigarettes","None of the above",NA,"Yes, some days","69","Smoked occasionally","Shisha","No","86","48",NA,NA,NA,NA,NA,NA
"BP460211","Prefer not to answer","Do not know","262.8","249.3","1-5 times a day","Mixed modes","Walking for pleasure (not as a means of transport)",NA,NA,NA,NA,NA,NA,NA,NA,"Every day","Between 1.5 hours and 2 hours","8","272","90.2","247.2","25","315","153.7","30.0","Steady average pace","16","61","4","Drink more than before",NA,NA,NA,NA,"One to three times a month","Usually","66","65","67","No","98","78","77","54","53","100","3","55","39","56","94","8",NA,NA,NA,NA,NA,NA,NA,"Arts/music group","Once a week","More a 'morning' than 'evening' person","Do not know","15.6","Never/rarely","No","Never/rarely","Do not know","11-49","or more","37","8",NA,NA,NA,NA,NA,NA,NA,NA,NA,NA,"3.4",NA,"One day per week","Less than 1 hour per day","70","43","Yes, one household member smokes","24","71",NA,NA,NA,"No",NA,NA,"5","22","30","45","Manufactured cigarette",NA,NA,"No, not at all","84","I have never smoked","Chewing tobacco, snus, snuff, Gutkha, or dip (e.g., Skruf, Tulsi, Sikandar, conwood, Al Capone powder)","Yes","13","72",NA,"1-4 times /day",NA,"Nicotine e-liquid",NA,"I had stopped smoking tobacco cigarettes"
"RB956712","Prefer not to answer","Prefer not to answer","45.8","225.2","Prefer not to answer","Car or motor vehicle","Walking for pleasure (not as a means of transport)",NA,NA,NA,NA,NA,NA,NA,NA,"2-3 times a week","Between 15 and 30 minutes","27","92","221.1","224.0","102","186","154.1","32.9","Steady average pace","77","31","41","Drink about the same",NA,NA,NA,NA,"Special occasions only","Always","7","47","77","No","20","75","17","6","28","41","100","2","4","79","51","67",NA,NA,NA,NA,NA,NA,NA,"Religious group","2-4 times a week","Do not know","Sometimes","0.0","Sometimes","No","Never/rarely","Fairly easy",NA,NA,NA,NA,NA,NA,NA,NA,NA,NA,NA,NA,NA,NA,NA,NA,NA,NA,NA,NA,NA,NA,NA,NA,NA,NA,NA,NA,NA,NA,NA,NA,NA,NA,NA,NA,"Prefer not to answer",NA,NA,"I have not used any of these tobacco products",NA,NA,NA,NA,NA,NA,NA,NA,NA
"XZ870462","Do not know","Prefer not to answer","172.0","161.0","16-20 times a day","Car or motor vehicle","Heavy DIY (e.g., DIY that requires a lot of physical effort)","Once a week","Between 15 and 30 minutes",NA,NA,NA,NA,NA,NA,NA,NA,"10","233","181.0","34.4","342","96","197.5","155.7","Steady average pace","7","96","44","Stopped drinking","Previous dependence concerns","Mental wellbeing",NA,NA,"Special occasions only","Sometimes","89","45","5","No","16","12","38","3","88","93","51","12","61","27","34","79",NA,NA,NA,NA,NA,NA,NA,"Sports club or gym","Never","More an 'evening' than a 'morning' person","Sometimes","23.2","Never/rarely","Yes",NA,"Not easy at all","11-49","11-49","64","98",NA,NA,NA,NA,NA,NA,NA,NA,NA,NA,"6.5",NA,"Every day","Less than 1 hour per day","15","84","No","85","61",NA,NA,NA,"No",NA,NA,"40","93","65","37","Manufactured cigarette",NA,NA,"No, not at all","49","I have never smoked","Shisha, hookah or water pipe","No","24","40",NA,NA,NA,NA,NA,NA
"QD559205","Do not know","Prefer not to answer","217.8","267.3","1-5 times a day","Public transport","None of the above",NA,NA,NA,NA,NA,NA,NA,NA,NA,NA,"81","226","47.5","177.0","263","44","134.3","33.6","Brisk pace","28","37","62","Drink more than before",NA,NA,NA,NA,"Special occasions only","Never","15","34","65","No","92","94","28","0","12","14","9","5","57","15","16","76",NA,NA,NA,NA,NA,NA,NA,"Pub or social club; Volunteering group","2-4 times a week","More a 'morning' than 'evening' person","Never/rarely","13.4","Never/rarely","No","Never/rarely","Not very easy","50-99","or more","9","94",NA,NA,NA,NA,NA,NA,NA,NA,NA,NA,"6",NA,"Every day","1 to 2 hours per day","52","80","No","58","53",NA,NA,NA,"No",NA,NA,"87","60","36","68","None of the above",NA,NA,"No, not at all","67","I have never smoked","Smokeless tobacco","Prefer not to answer","71","36",NA,NA,NA,NA,NA,NA
"RY857397","Prefer not to answer","Do not know","35.8","206.0","6-10 times a day","Public transport","Other exercises (e.g., swimming, cycling, keep fit, bowling); Light DIY (e.g., DIY that does not require a lot of physical effort)",NA,NA,"Once a week","Between 15 and 30 minutes","Prefer not to answer","Between 30 minutes and 1 hour",NA,NA,NA,NA,"313","321","47.9","113.8","338","186","89.3","284.5","Brisk pace","90","67","47","Prefer not to answer",NA,NA,NA,NA,"Once or twice a week","Sometimes","11","82","2","No","17","98","1","46","77","74","74","82","16","98","22","78",NA,NA,NA,NA,NA,NA,NA,"Sports club or gym","Less than once a month","More an 'evening' than a 'morning' person","Sometimes","2.6","Never/rarely","No","Sometimes","Fairly easy",NA,NA,NA,NA,NA,NA,NA,NA,NA,NA,NA,NA,NA,NA,NA,NA,NA,NA,NA,NA,NA,NA,NA,NA,NA,NA,NA,NA,NA,NA,NA,NA,NA,NA,NA,NA,"No, not at all",NA,NA,"I have not used any of these tobacco products",NA,NA,NA,NA,NA,NA,NA,NA,NA
"EZ122794","Prefer not to answer","Prefer not to answer","150.7","15.2","11-15 times a day","Car or motor vehicle","Light DIY (e.g., DIY that does not require a lot of physical effort)",NA,NA,"4-5 times a week","Between 30 minutes and 1 hour",NA,NA,NA,NA,NA,NA,"258","242","9.0","167.9","7","315","107.9","55.9","Brisk pace","17","11","56",NA,NA,NA,NA,NA,"Never",NA,"79","44","35","No","4","6","34","24","81","6","58","52","13","87","7","45",NA,NA,NA,NA,NA,NA,NA,"No regular group",NA,"More an 'evening' than a 'morning' person","Never/rarely","15.2","Never/rarely","No","Never/rarely","Not very easy",NA,NA,NA,NA,NA,NA,NA,NA,NA,NA,NA,NA,NA,NA,NA,NA,NA,NA,NA,NA,NA,NA,NA,NA,NA,NA,NA,NA,NA,NA,NA,NA,NA,NA,NA,NA,"Yes, some days",NA,NA,"I have not used any of these tobacco products",NA,NA,NA,NA,NA,NA,NA,NA,NA
"NG775784","Prefer not to answer","Do not know","91.9","114.1","None","Car or motor vehicle","Walking for pleasure (not as a means of transport); Other exercises (e.g., swimming, cycling, keep fit, bowling)",NA,NA,NA,NA,"2-3 times a week","Between 1 hour and 1.5 hours",NA,NA,"Once a week","Between 15 and 30 minutes","183","69","280.9","208.1","165","345","124.8","283.2","Slow pace","96","28","28","Drink more than before",NA,NA,NA,NA,"Daily or almost daily","Usually","4","78","46","No","18","10","100","35","41","46","30","43","5","31","77","70",NA,NA,NA,NA,NA,NA,NA,"Sports club or gym","1-3 times a month","Definitely a 'morning' person","Never/rarely","16.3","Usually","Yes","Never/rarely","Fairly easy",NA,NA,NA,NA,NA,NA,NA,NA,NA,NA,NA,NA,NA,NA,NA,NA,NA,NA,NA,NA,NA,NA,NA,NA,NA,NA,NA,NA,NA,NA,NA,NA,NA,NA,NA,NA,"No, not at all",NA,NA,"I have not used any of these tobacco products",NA,NA,NA,NA,NA,NA,NA,NA,NA
"HA190986","Do not know","Do not know","270.4","216.1","6-10 times a day","Car or motor vehicle","Walking for pleasure (not as a means of transport)",NA,NA,NA,NA,NA,NA,NA,NA,"4-5 times a week","Prefer not to answer","52","227","291.3","159.4","184","280","120.2","298.7","Steady average pace","57","79","62","Drink more than before",NA,NA,NA,NA,"Daily or almost daily","Always","17","3","63","No","15","13","14","44","40","100","48","89","86","27","61","27",NA,NA,NA,NA,NA,NA,NA,"Volunteering group","1-3 times a month","More a 'morning' than 'evening' person","Never/rarely","2.5","Never/rarely","No","Never/rarely","Very easy",NA,NA,NA,NA,NA,NA,NA,NA,NA,NA,NA,NA,NA,NA,NA,NA,NA,NA,NA,NA,NA,NA,NA,NA,NA,NA,NA,NA,NA,NA,NA,NA,NA,NA,NA,NA,"Yes, some days",NA,NA,"I have not used any of these tobacco products",NA,NA,NA,NA,NA,NA,NA,NA,NA
"WN271936","Prefer not to answer","Do not know","158.0","244.1","6-10 times a day","Car or motor vehicle","Walking for pleasure (not as a means of transport)",NA,NA,NA,NA,NA,NA,NA,NA,"Once in the last 4 weeks","Between 1 hour and 1.5 hours","350","96","188.4","55.6","319","23","188.2","241.6","Slow pace","58","78","13","Stopped drinking","Other","Medical condition",NA,NA,"Special occasions only","Never","48","53","80","No","23","78","91","1","48","33","79","67","22","2","47","5",NA,NA,NA,NA,NA,NA,NA,"Sports club or gym","Once a week","More a 'morning' than 'evening' person","Never/rarely","5.3","Sometimes","No","Never/rarely","Very easy","50-99","11-49","33","77","54",NA,"About the same?",NA,"No",NA,NA,NA,NA,NA,NA,NA,"Never","3 to 5 hours per day","50","91","No","85","56",NA,NA,NA,"Yes","Manufactured cigarettes",NA,"18","10","88","82","Manufactured cigarette",NA,NA,"No, not at all","46","Smoked occasionally","Shisha, hookah or water pipe","No","54","97",NA,NA,NA,NA,NA,NA
"HT798224","Do not know","Prefer not to answer","31.2","202.1","None","Mixed modes","Strenuous sports",NA,NA,NA,NA,NA,NA,"Once in the last 4 weeks","Between 30 minutes and 1 hour",NA,NA,"249","20","295.6","219.3","43","161","140.9","115.1","Steady average pace","29","39","51","Drink about the same",NA,NA,NA,NA,"Special occasions only","Usually","42","43","34","No","99","82","90","54","80","76","58","47","93","42","85","46",NA,NA,NA,NA,NA,NA,NA,"Sports club or gym","Less than once a month","More a 'morning' than 'evening' person","Never/rarely","11.7","Never/rarely","Yes","Sometimes","Very easy",NA,NA,NA,NA,NA,NA,NA,NA,NA,NA,NA,NA,NA,NA,NA,NA,NA,NA,NA,NA,NA,NA,NA,NA,NA,NA,NA,NA,NA,NA,NA,NA,NA,NA,NA,NA,"Yes, but rarely",NA,NA,"I have not used any of these tobacco products",NA,NA,NA,NA,NA,NA,NA,NA,NA
"UV126919","Prefer not to answer","Do not know","28.3","155.1","1-5 times a day","Car or motor vehicle","Light DIY (e.g., DIY that does not require a lot of physical effort); Other exercises (e.g., swimming, cycling, keep fit, bowling)",NA,NA,"4-5 times a week","Between 15 and 30 minutes","Once a week","Between 1 hour and 1.5 hours",NA,NA,NA,NA,"152","155","159.0","256.3","112","331","242.5","206.0","Brisk pace","89","87","31","Drink less than before",NA,NA,"Family/work responsibilities","Health advice","Once or twice a week","Sometimes","84","22","4","No","4","51","34","55","85","9","71","37","8","44","32","83",NA,NA,NA,NA,NA,NA,NA,"No regular group","Less than once a month","Definitely a 'morning' person","Often","10.2","Never/rarely","Yes","Prefer not to answer","Fairly easy",NA,NA,NA,NA,NA,NA,NA,NA,NA,NA,NA,NA,NA,NA,NA,NA,NA,NA,NA,NA,NA,NA,NA,NA,NA,NA,NA,NA,NA,NA,NA,NA,NA,NA,NA,NA,"No, not at all",NA,NA,"I have not used any of these tobacco products",NA,NA,NA,NA,NA,NA,NA,NA,NA
"DS757137","Do not know","Prefer not to answer","218.4","97.1","6-10 times a day","Public transport","Other exercises (e.g., swimming, cycling, keep fit, bowling); Strenuous sports",NA,NA,NA,NA,"2-3 times in the last 4 weeks","Between 30 minutes and 1 hour","4-5 times a week","Between 15 and 30 minutes",NA,NA,"222","114","254.0","216.7","41","154","117.4","227.1","Brisk pace","62","61","69",NA,NA,NA,NA,NA,"Prefer not to answer",NA,"31","98","69",NA,"87","49","0","58","3","4","80","19","51","50","66","32",NA,NA,NA,NA,NA,NA,NA,"Arts/music group","Once a week","More a 'morning' than 'evening' person","Never/rarely","16.2","Never/rarely","Yes","Sometimes","Fairly easy",NA,NA,NA,NA,NA,NA,NA,NA,NA,NA,NA,NA,NA,NA,NA,NA,NA,NA,NA,NA,NA,NA,NA,NA,NA,NA,NA,NA,NA,NA,NA,NA,NA,NA,NA,NA,"Prefer not to answer",NA,NA,"I have not used any of these tobacco products",NA,NA,NA,NA,NA,NA,NA,NA,NA
"YL104918","Prefer not to answer","Prefer not to answer","16.0","169.0","Prefer not to answer","Prefer not to answer","None of the above",NA,NA,NA,NA,NA,NA,NA,NA,NA,NA,"350","285","9.2","106.2","239","148","76.1","218.5","Steady average pace","82","10","66","Drink less than before",NA,NA,"Health reasons","Health advice","Special occasions only","Usually","4","72","90","No","11","23","77","26","48","96","16","47","70","88","90","16",NA,NA,NA,NA,NA,NA,NA,"Religious group","2-4 times a week","More an 'evening' than a 'morning' person","Never/rarely","2.9","Never/rarely","No","Never/rarely","Fairly easy",NA,NA,NA,NA,NA,NA,NA,NA,NA,NA,NA,NA,NA,NA,NA,NA,NA,NA,NA,NA,NA,NA,NA,NA,NA,NA,NA,NA,NA,NA,NA,NA,NA,NA,NA,NA,"No, not at all",NA,NA,"I have not used any of these tobacco products",NA,NA,NA,NA,NA,NA,NA,NA,NA
"DS432321","Prefer not to answer","Prefer not to answer","232.3","38.5","None","Car or motor vehicle","Other exercises (e.g., swimming, cycling, keep fit, bowling)",NA,NA,NA,NA,"Every day","Between 1 hour and 1.5 hours",NA,NA,NA,NA,"181","30","271.9","136.4","14","335","225.9","202.7","Steady average pace","14","93","21","Drink about the same",NA,NA,NA,NA,"Once or twice a week","Sometimes","82","9","42","No","72","42","9","48","95","78","72","36","90","15","10","82",NA,NA,NA,NA,NA,NA,NA,"Pub or social club","Almost daily","Definitely a 'morning' person","Often","9.8","Never/rarely","No","Sometimes","Not easy at all",NA,NA,NA,NA,NA,NA,NA,NA,NA,NA,NA,NA,NA,NA,NA,NA,NA,NA,NA,NA,NA,NA,NA,NA,NA,NA,NA,NA,NA,NA,NA,NA,NA,NA,NA,NA,"No, not at all",NA,NA,"I have not used any of these tobacco products",NA,NA,NA,NA,NA,NA,NA,NA,NA
"GF126461","Prefer not to answer","Prefer not to answer","10.1","185.0","None","Car or motor vehicle","Prefer not to answer",NA,NA,NA,NA,NA,NA,NA,NA,NA,NA,"134","146","10.3","78.5","176","315","84.1","298.1","Fast pace","87","25","10","Drink about the same",NA,NA,NA,NA,"Once or twice a week","Sometimes","63","2","85","No","30","33","5","47","83","86","16","24","53","20","67","42",NA,NA,NA,NA,NA,NA,NA,"Prefer not to answer","1-3 times a month","Prefer not to answer","Never/rarely","10.5","Never/rarely","Yes","Never/rarely","Fairly easy","or more","50-99","94","3",NA,NA,NA,NA,NA,NA,NA,NA,NA,NA,"1.2",NA,"One day per week","1 to 2 hours per day","52","94","No","11","29",NA,NA,NA,"No",NA,NA,"10","71","70","60","Prefer not to answer",NA,NA,"No, not at all","95","I have never smoked","Electronic delivery devices that can be vaped, such as e-cigarettes (e.g., UWELL, Vype, Vuse, Vapouriz, WizMix)","No","62","20",NA,NA,NA,NA,NA,NA
"JL664022","Prefer not to answer","Prefer not to answer","126.2","252.4","1-5 times a day","Public transport","Heavy DIY (e.g., DIY that requires a lot of physical effort); Other exercises (e.g., swimming, cycling, keep fit, bowling)","2-3 times in the last 4 weeks","Between 15 and 30 minutes",NA,NA,"2-3 times a week","Between 2 and 3 hours",NA,NA,NA,NA,"128","284","189.3","296.8","15","79","97.5","177.7","Fast pace","59","85","97","Drink less than before",NA,NA,"Health reasons","Other","One to three times a month","Sometimes","69","8","28","No","77","13","17","25","60","48","87","94","22","13","68","36",NA,NA,NA,NA,NA,NA,NA,"Sports club or gym; Volunteering group","1-3 times a month","More an 'evening' than a 'morning' person","Often","11.5","Never/rarely","No","Never/rarely","Fairly easy",NA,NA,NA,NA,NA,NA,NA,NA,NA,NA,NA,NA,NA,NA,NA,NA,NA,NA,NA,NA,NA,NA,NA,NA,NA,NA,NA,NA,NA,NA,NA,NA,NA,NA,NA,NA,"Yes, every day",NA,NA,"I have not used any of these tobacco products",NA,NA,NA,NA,NA,NA,NA,NA,NA
"RY169435","Do not know","Prefer not to answer","134.9","297.8","None","Cycle","Walking for pleasure (not as a means of transport)",NA,NA,NA,NA,NA,NA,NA,NA,"2-3 times in the last 4 weeks","Between 30 minutes and 1 hour","28","246","89.6","206.3","106","248","9.0","173.8","Steady average pace","37","56","85","Stopped drinking","Prefer not to answer","Medication interaction",NA,NA,"One to three times a month","Sometimes","65","35","51","No","49","90","77","39","27","85","43","87","87","56","82","92",NA,NA,NA,NA,NA,NA,NA,"Religious group","Once a week","Definitely a 'morning' person","Sometimes","21.0","Never/rarely","No",NA,"Not very easy","10 or less","11-49","5","85","65",NA,"About the same?",NA,"Do not know",NA,NA,NA,NA,NA,"0.3",NA,"Most days of the week","Less than 1 hour per day","47","15","No","53","70",NA,NA,NA,"Yes","Manufactured cigarettes",NA,"12","22","46","11","Manufactured cigarette",NA,NA,"Prefer not to answer","47","Smoked occasionally","Prefer not to answer","No","53","43",NA,NA,NA,NA,NA,NA
"MJ316014","Do not know","Prefer not to answer","55.6","81.7","1-5 times a day","Car or motor vehicle","Other exercises (e.g., swimming, cycling, keep fit, bowling)",NA,NA,NA,NA,"Once a week","Over 3 hours",NA,NA,NA,NA,"359","194","47.7","193.1","280","85","72.7","12.5","Slow pace","84","71","5","Prefer not to answer",NA,NA,NA,NA,"One to three times a month","Usually","21","48","77","No","42","11","51","40","10","2","17","45","16","80","71","92",NA,NA,NA,NA,NA,NA,NA,"Religious group","Almost daily","More an 'evening' than a 'morning' person","Never/rarely","3.5","Sometimes","Yes","Never/rarely","Not very easy",NA,NA,NA,NA,NA,NA,NA,NA,NA,NA,NA,NA,NA,NA,NA,NA,NA,NA,NA,NA,NA,NA,NA,NA,NA,NA,NA,NA,NA,NA,NA,NA,NA,NA,NA,NA,"No, not at all",NA,NA,"I have not used any of these tobacco products",NA,NA,NA,NA,NA,NA,NA,NA,NA
"UG539949","Prefer not to answer","Prefer not to answer","227.8","66.4","1-5 times a day","Public transport","Walking for pleasure (not as a means of transport)",NA,NA,NA,NA,NA,NA,NA,NA,"Once in the last 4 weeks","Between 15 and 30 minutes","181","35","34.7","21.0","247","189","5.5","149.8","Steady average pace","86","97","34",NA,NA,NA,NA,NA,"Never",NA,"1","25","97","No","86","24","57","79","24","50","19","3","17","78","92","59",NA,NA,NA,NA,NA,NA,NA,NA,"2-4 times a week","Definitely an 'evening' person","Never/rarely","23.5","Sometimes","No","Sometimes","Fairly easy",NA,NA,NA,NA,NA,NA,NA,NA,NA,NA,NA,NA,NA,NA,NA,NA,NA,NA,NA,NA,NA,NA,NA,NA,NA,NA,NA,NA,NA,NA,NA,NA,NA,NA,NA,NA,"No, not at all",NA,NA,"I have not used any of these tobacco products",NA,NA,NA,NA,NA,NA,NA,NA,NA
"VS717954","Do not know","Prefer not to answer","26.9","284.9","1-5 times a day","Car or motor vehicle","None of the above",NA,NA,NA,NA,NA,NA,NA,NA,NA,NA,"174","233","197.0","134.0","21","257","91.8","297.2","Brisk pace","99","38","89","Drink about the same",NA,NA,NA,NA,"Special occasions only","Never","19","62","66","No","32","72","13","98","26","0","54","79","18","28","62","39",NA,NA,NA,NA,NA,NA,NA,"Volunteering group","1-3 times a month","More a 'morning' than 'evening' person","Never/rarely","22.1","Sometimes",NA,"Sometimes","Fairly easy",NA,NA,NA,NA,NA,NA,NA,NA,NA,NA,NA,NA,NA,NA,NA,NA,NA,NA,NA,NA,NA,NA,NA,NA,NA,NA,NA,NA,NA,NA,NA,NA,NA,NA,NA,NA,"Yes, every day",NA,NA,"I have not used any of these tobacco products",NA,NA,NA,NA,NA,NA,NA,NA,NA
"SY522980","Do not know","Do not know","178.7","265.0","More than 20 times a day","Car or motor vehicle","Walking for pleasure (not as a means of transport)",NA,NA,NA,NA,NA,NA,NA,NA,"Once a week","Between 30 minutes and 1 hour","166","351","54.6","234.3","197","244","256.1","4.2","Steady average pace","15","34","68","Drink about the same",NA,NA,NA,NA,"Three or four times a week","Usually","66","26","91","No","8","84","34","1","21","24","21","63","71","13","45","57",NA,NA,NA,NA,NA,NA,NA,"Pub or social club","2-4 times a week","More an 'evening' than a 'morning' person","Never/rarely","18.3","Sometimes","Prefer not to answer","Never/rarely","Not easy at all",NA,NA,NA,NA,NA,NA,NA,NA,NA,NA,NA,NA,NA,NA,NA,NA,NA,NA,NA,NA,NA,NA,NA,NA,NA,NA,NA,NA,NA,NA,NA,NA,NA,NA,NA,NA,"No, not at all",NA,NA,"I have not used any of these tobacco products",NA,NA,NA,NA,NA,NA,NA,NA,NA
"PB589637","Prefer not to answer","Prefer not to answer","90.9","46.6","More than 20 times a day","Mixed modes","Light DIY (e.g., DIY that does not require a lot of physical effort)",NA,NA,"2-3 times in the last 4 weeks","Between 2 and 3 hours",NA,NA,NA,NA,NA,NA,"230","363","33.9","266.9","247","255","195.1","222.6","Steady average pace","10","71","22",NA,NA,NA,NA,NA,"Never",NA,"100","8","32","No","5","68","80","71","1","53","19","25","71","30","18","74",NA,NA,NA,NA,NA,NA,NA,"Sports club or gym","Prefer not to answer",NA,"Never/rarely","9.0","Sometimes",NA,"Never/rarely","Fairly easy",NA,NA,NA,NA,NA,NA,NA,NA,NA,NA,NA,NA,NA,NA,NA,NA,NA,NA,NA,NA,NA,NA,NA,NA,NA,NA,NA,NA,NA,NA,NA,NA,NA,NA,NA,NA,"No, not at all",NA,NA,"I have not used any of these tobacco products",NA,NA,NA,NA,NA,NA,NA,NA,NA
"VF420276","Prefer not to answer","Prefer not to answer","76.8","214.0","1-5 times a day","Prefer not to answer","Other exercises (e.g., swimming, cycling, keep fit, bowling); Heavy DIY (e.g., DIY that requires a lot of physical effort)","2-3 times a week","Between 1 hour and 1.5 hours",NA,NA,"Once a week","Between 15 and 30 minutes",NA,NA,NA,NA,"37","358","30.5","41.6","76","281","94.8","202.9","Steady average pace","78","50","81","Stopped drinking","Health reasons","Medical condition",NA,NA,"Three or four times a week","Usually","85","19","92","No","93","40","16","68","2","100","22","52","10","83","25","93",NA,NA,NA,NA,NA,NA,NA,"Religious group","2-4 times a week","More an 'evening' than a 'morning' person","Never/rarely","20.7","Never/rarely","Yes","Sometimes",NA,"or more","50-99","90","74",NA,NA,NA,NA,NA,NA,NA,NA,NA,NA,NA,NA,"Never","Less than 1 hour per day","89","48","Do not know","29","27",NA,NA,NA,"No",NA,NA,"19","18","81","93","Manufactured cigarette",NA,NA,"No, not at all","24","I have never smoked","Shisha, hookah or water pipe","No","51","90",NA,NA,NA,NA,NA,NA
"QI673474","Prefer not to answer","Do not know","44.6","230.3","None","Car or motor vehicle","Other exercises (e.g., swimming, cycling, keep fit, bowling)",NA,NA,NA,NA,"4-5 times a week","Between 1 hour and 1.5 hours",NA,NA,NA,NA,"195","261","240.3","83.2","33","48","0.4","123.3","Fast pace","23","42","19","Drink less than before",NA,NA,"Health reasons","Health advice","Special occasions only","Never","45","45","10","No","42","58","66","22","14","51","26","36","58","45","45","71",NA,NA,NA,NA,NA,NA,NA,"Arts/music group","2-4 times a week","More an 'evening' than a 'morning' person","Often","8.3","Usually","Do not know","Sometimes","Not easy at all",NA,NA,NA,NA,NA,NA,NA,NA,NA,NA,NA,NA,NA,NA,NA,NA,NA,NA,NA,NA,NA,NA,NA,NA,NA,NA,NA,NA,NA,NA,NA,NA,NA,NA,NA,NA,"No, not at all",NA,NA,"I have not used any of these tobacco products",NA,NA,NA,NA,NA,NA,NA,NA,NA
"LX284520","Prefer not to answer","Prefer not to answer","121.3","207.4","None","Car or motor vehicle","Other exercises (e.g., swimming, cycling, keep fit, bowling)",NA,NA,NA,NA,"2-3 times a week","Between 15 and 30 minutes",NA,NA,NA,NA,"87","188","122.5","76.3","168","222","2.1","101.2","Do not know","17","46","62","Prefer not to answer",NA,NA,NA,NA,"One to three times a month","Never","77","17","87","No","14","62","21","79","13","6","77","97","59","100","96","28",NA,NA,NA,NA,NA,NA,NA,"Sports club or gym",NA,"More a 'morning' than 'evening' person","Never/rarely","6.9","Sometimes","No","Usually","Very easy",NA,NA,NA,NA,NA,NA,NA,NA,NA,NA,NA,NA,NA,NA,NA,NA,NA,NA,NA,NA,NA,NA,NA,NA,NA,NA,NA,NA,NA,NA,NA,NA,NA,NA,NA,NA,"No, not at all",NA,NA,"I have not used any of these tobacco products",NA,NA,NA,NA,NA,NA,NA,NA,NA
"IK922362","Prefer not to answer","Prefer not to answer","54.5","232.4","6-10 times a day","Walk","Strenuous sports; Heavy DIY (e.g., DIY that requires a lot of physical effort)","Every day","Between 30 minutes and 1 hour",NA,NA,NA,NA,"2-3 times a week","Between 15 and 30 minutes",NA,NA,"209","116","203.3","89.9","168","354","60.3","131.3","Steady average pace","60","51","18","Drink about the same",NA,NA,NA,NA,"Special occasions only","Usually","73","55","81","No","31","20","74","7","37","12","30","32","76","66","5","97",NA,NA,NA,NA,NA,NA,NA,"Sports club or gym; Arts/music group",NA,"Definitely a 'morning' person","Never/rarely","4.2","Sometimes","No","Usually","Fairly easy","11-49","10 or less","70","3","11",NA,"About the same?",NA,"Yes","Health",NA,NA,NA,NA,"2.6",NA,"Every day","1 to 2 hours per day","69","47","No","60","40",NA,NA,NA,"Yes","Cigars or pipes",NA,"8","16","72","33","Manufactured cigarette",NA,NA,"No, not at all","62","Smoked occasionally","Shisha, hookah or water pipe","Yes","32","38",NA,"2-3 times/mo",NA,"Do not know",NA,"I was a current smoker of tobacco cigarettes and was planning to"
"YF918906","Prefer not to answer","Do not know","29.6","274.7","1-5 times a day","Prefer not to answer","Strenuous sports",NA,NA,NA,NA,NA,NA,"2-3 times in the last 4 weeks","Between 15 and 30 minutes",NA,NA,"51","288","248.3","1.7","311","251","100.9","288.3","Slow pace","23","78","55",NA,NA,NA,NA,NA,"Prefer not to answer",NA,"10","100","28",NA,"46","21","57","5","47","9","58","0","80","36","40","33",NA,NA,NA,NA,NA,NA,NA,"Religious group","2-4 times a week","More an 'evening' than a 'morning' person","Sometimes","12.4","Never/rarely","No","Never/rarely","Not very easy",NA,NA,NA,NA,NA,NA,NA,NA,NA,NA,NA,NA,NA,NA,NA,NA,NA,NA,NA,NA,NA,NA,NA,NA,NA,NA,NA,NA,NA,NA,NA,NA,NA,NA,NA,NA,"No, not at all",NA,NA,"I have not used any of these tobacco products",NA,NA,NA,NA,NA,NA,NA,NA,NA
"UE548809","Do not know","Do not know","295.6","143.0","None","Cycle","Walking for pleasure (not as a means of transport)",NA,NA,NA,NA,NA,NA,NA,NA,"2-3 times in the last 4 weeks","Between 30 minutes and 1 hour","204","280","99.8","127.7","185","187","272.7","90.4","Steady average pace","50","85","10","Drink about the same",NA,NA,NA,NA,"One to three times a month","Usually","39","97","12","No","91","94","79","96","21","14","83","12","93","87","54","87",NA,NA,NA,NA,NA,NA,NA,"Sports club or gym","Once a week","Definitely an 'evening' person","Often","11.1","Usually","No","Never/rarely","Not easy at all",NA,NA,NA,NA,NA,NA,NA,NA,NA,NA,NA,NA,NA,NA,NA,NA,NA,NA,NA,NA,NA,NA,NA,NA,NA,NA,NA,NA,NA,NA,NA,NA,NA,NA,NA,NA,"Yes, some days",NA,NA,"I have not used any of these tobacco products",NA,NA,NA,NA,NA,NA,NA,NA,NA
"KN153729","Prefer not to answer","Do not know","137.6","44.2","Do not know","Car or motor vehicle","Heavy DIY (e.g., DIY that requires a lot of physical effort)","2-3 times in the last 4 weeks","Between 15 and 30 minutes",NA,NA,NA,NA,NA,NA,NA,NA,"222","353","127.4","189.3","12","218","149.3","66.5","Brisk pace","88","44","67","Drink about the same",NA,NA,NA,NA,"Once or twice a week","Sometimes","13","70","95","No","56","87","88","19","32","11","85","52","54","98","87","19",NA,NA,NA,NA,NA,NA,NA,"Sports club or gym","1-3 times a month","More a 'morning' than 'evening' person","Never/rarely","15.4","Sometimes","No","Prefer not to answer","Fairly easy",NA,NA,NA,NA,NA,NA,NA,NA,NA,NA,NA,NA,NA,NA,NA,NA,NA,NA,NA,NA,NA,NA,NA,NA,NA,NA,NA,NA,NA,NA,NA,NA,NA,NA,NA,NA,"No, not at all",NA,NA,"I have not used any of these tobacco products",NA,NA,NA,NA,NA,NA,NA,NA,NA
"YJ329311","Prefer not to answer","Do not know","182.3","101.4","1-5 times a day","Car or motor vehicle","Heavy DIY (e.g., DIY that requires a lot of physical effort)","Every day","Between 30 minutes and 1 hour",NA,NA,NA,NA,NA,NA,NA,NA,"15","216","78.8","113.5","318","212","230.9","156.4","Steady average pace","29","38","87","Drink about the same",NA,NA,NA,NA,"Special occasions only","Never","15","50","64","No","44","74","95","100","99","62","0","37","66","11","22","61",NA,NA,NA,NA,NA,NA,NA,"Volunteering group","2-4 times a week","More an 'evening' than a 'morning' person","Never/rarely","8.0","Sometimes","No","Sometimes","Not very easy","Prefer not to answer","11-49","95","19",NA,NA,NA,NA,NA,NA,NA,NA,NA,NA,"1.6",NA,"A few days per year","Less than 1 hour per day","47","21","No","81","56",NA,NA,NA,"No",NA,NA,"60","23","100","31","None of the above",NA,NA,"No, not at all","42","Just tried once or twice","Shisha, hookah or water pipe","Yes","59","98",NA,"3-6 times /week",NA,"Nicotine e-liquid",NA,"I was a current smoker of tobacco cigarettes and was planning to quit"
"ZO136313","Prefer not to answer","Prefer not to answer","263.9","118.7","6-10 times a day","Mixed modes","Other exercises (e.g., swimming, cycling, keep fit, bowling)",NA,NA,NA,NA,"2-3 times a week","Between 30 minutes and 1 hour",NA,NA,NA,NA,"172","155","165.8","224.6","231","358","188.2","275.6","Fast pace","92","92","72",NA,NA,NA,NA,NA,"Never",NA,"59","74","65","No","16","18","82","47","63","12","32","28","70","84","78","9",NA,NA,NA,NA,NA,NA,NA,"Pub or social club","Once a week","Definitely an 'evening' person","Sometimes","14.6","Never/rarely",NA,"Sometimes","Fairly easy",NA,NA,NA,NA,NA,NA,NA,NA,NA,NA,NA,NA,NA,NA,NA,NA,NA,NA,NA,NA,NA,NA,NA,NA,NA,NA,NA,NA,NA,NA,NA,NA,NA,NA,NA,NA,"No, not at all",NA,NA,"I have not used any of these tobacco products",NA,NA,NA,NA,NA,NA,NA,NA,NA
"PA836343","Prefer not to answer","Do not know","94.3","107.4","6-10 times a day","Car or motor vehicle","Prefer not to answer",NA,NA,NA,NA,NA,NA,NA,NA,NA,NA,"83","122","211.3","126.3","280","218","274.1","296.7","Brisk pace","27","30","1","Drink more than before",NA,NA,NA,NA,"Special occasions only","Sometimes","37","52","44","No","40","76","45","22","12","53","23","24","88","32","15","14",NA,NA,NA,NA,NA,NA,NA,"Volunteering group","2-4 times a week","Do not know","Never/rarely","11.0","Never/rarely","Yes","Never/rarely","Not easy at all",NA,NA,NA,NA,NA,NA,NA,NA,NA,NA,NA,NA,NA,NA,NA,NA,NA,NA,NA,NA,NA,NA,NA,NA,NA,NA,NA,NA,NA,NA,NA,NA,NA,NA,NA,NA,"No, not at all",NA,NA,"I have not used any of these tobacco products",NA,NA,NA,NA,NA,NA,NA,NA,NA
"HI586373","Do not know","Do not know","206.3","3.7","6-10 times a day","Mixed modes","Walking for pleasure (not as a means of transport)",NA,NA,NA,NA,NA,NA,NA,NA,"4-5 times a week","Prefer not to answer","130","177","126.6","222.8","186","185","223.5","74.5","Steady average pace","81","49","45","Drink about the same",NA,NA,NA,NA,"Three or four times a week","Always","40","76","48","No","57","45","81","92","34","63","13","40","71","65","72","97",NA,NA,NA,NA,NA,NA,NA,"No regular group","Almost daily","Definitely a 'morning' person","Sometimes","15.3","Sometimes","No","Never/rarely",NA,"or more","or more","76","21","41",NA,"Less nowadays?",NA,"No",NA,"No",NA,NA,"Other","13.9",NA,"Most days of the week","Less than 1 hour per day","67","60","No","76","76",NA,"Family/children",NA,"Yes","Manufactured cigarettes",NA,"9","78","74","83","None of the above",NA,NA,"No, not at all","92","Smoked on most or all days","Pipe","Yes","61","14",NA,"25-34 times /day",NA,"Non-nicotine e-liquid",NA,"I had never smoked tobacco cigarettes"
"WJ961909","Prefer not to answer","Do not know","171.0","76.1","6-10 times a day","Prefer not to answer","Other exercises (e.g., swimming, cycling, keep fit, bowling)",NA,NA,NA,NA,"2-3 times in the last 4 weeks","Between 2 and 3 hours",NA,NA,NA,NA,"256","200","102.8","196.9","139","104","152.9","149.1","Steady average pace","99","62","20","Drink about the same",NA,NA,NA,NA,"Once or twice a week","Sometimes","94","60","1","No","41","1","1","25","93","79","29","66","81","46","97","3",NA,NA,NA,NA,NA,NA,NA,"Religious group","2-4 times a week",NA,"Sometimes","21.4","Never/rarely","No","Sometimes","Not very easy","Prefer not to answer","10 or less","61","88",NA,NA,NA,NA,NA,NA,NA,NA,NA,NA,"2.1",NA,"One day per month","1 to 2 hours per day","71","48","No","72","97",NA,NA,NA,"Prefer not to answer",NA,NA,"80","9","33","97","Hand-rolled cigarettes",NA,NA,"No, not at all","17","I have never smoked","Tobacco pipe","No","31","33",NA,NA,NA,NA,NA,NA
"FQ962898","Prefer not to answer","Do not know","226.2","208.8","Do not know","Prefer not to answer","Strenuous sports",NA,NA,NA,NA,NA,NA,"Once in the last 4 weeks","Between 30 minutes and 1 hour",NA,NA,"229","71","261.4","271.6","111","236","67.5","277.3","Fast pace","69","89","50","Stopped drinking","Health reasons","Medication interaction",NA,NA,"One to three times a month","Sometimes","36","49","85","No","8","65","0","81","8","75","88","62","3","67","80","87",NA,NA,NA,NA,NA,NA,NA,"Pub or social club","1-3 times a month","Definitely a 'morning' person","Sometimes","10.7","Sometimes","No","Never/rarely",NA,NA,NA,NA,NA,NA,NA,NA,NA,NA,NA,NA,NA,NA,NA,NA,NA,NA,NA,NA,NA,NA,NA,NA,NA,NA,NA,NA,NA,NA,NA,NA,NA,NA,NA,NA,NA,"Yes, some days",NA,NA,"I have not used any of these tobacco products",NA,NA,NA,NA,NA,NA,NA,NA,NA
"AL697103","Prefer not to answer","Prefer not to answer","180.7","157.2","1-5 times a day","Car or motor vehicle","Other exercises (e.g., swimming, cycling, keep fit, bowling)",NA,NA,NA,NA,"Once in the last 4 weeks","Between 15 and 30 minutes",NA,NA,NA,NA,"53","152","124.4","186.6","66","58","216.2","11.5","Brisk pace","70","53","42",NA,NA,NA,NA,NA,"Prefer not to answer",NA,"78","67","18",NA,"89","13","49","50","98","94","2","13","66","66","73","38",NA,NA,NA,NA,NA,NA,NA,"No regular group",NA,"Definitely a 'morning' person","Never/rarely","5.8","Sometimes","No","Never/rarely","Not easy at all",NA,NA,NA,NA,NA,NA,NA,NA,NA,NA,NA,NA,NA,NA,NA,NA,NA,NA,NA,NA,NA,NA,NA,NA,NA,NA,NA,NA,NA,NA,NA,NA,NA,NA,NA,NA,"Yes, but rarely",NA,NA,"I have not used any of these tobacco products",NA,NA,NA,NA,NA,NA,NA,NA,NA
"MV152329","Prefer not to answer","Do not know","33.0","177.0","1-5 times a day","Walk","Walking for pleasure (not as a means of transport)",NA,NA,NA,NA,NA,NA,NA,NA,"2-3 times in the last 4 weeks","Between 1 hour and 1.5 hours","157","38","5.1","84.9","229","139","16.9","240.1","Brisk pace","33","99","22","Drink about the same",NA,NA,NA,NA,"Never",NA,"80","70","23","Yes","40","63","12","42","16","49","65","79","19","60","92","96",NA,NA,NA,NA,NA,NA,NA,"No regular group","1-3 times a month","Do not know","Never/rarely","23.6","Never/rarely","No","Never/rarely","Prefer not to answer",NA,NA,NA,NA,NA,NA,NA,NA,NA,NA,NA,NA,NA,NA,NA,NA,NA,NA,NA,NA,NA,NA,NA,NA,NA,NA,NA,NA,NA,NA,NA,NA,NA,NA,NA,NA,"No, not at all",NA,NA,"I have not used any of these tobacco products",NA,NA,NA,NA,NA,NA,NA,NA,NA
"NA550072","Prefer not to answer","Do not know","247.1","228.2","1-5 times a day","Cycle","None of the above",NA,NA,NA,NA,NA,NA,NA,NA,NA,NA,"259","329","289.2","17.0","248","335","224.5","269.4","Steady average pace","10","68","8","Drink more than before",NA,NA,NA,NA,"Three or four times a week","Usually","42","21","15","No","99","69","75","70","84","54","17","70","29","82","0","67",NA,NA,NA,NA,NA,NA,NA,"No regular group","2-4 times a week","Definitely a 'morning' person","Never/rarely","5.4","Never/rarely","No","Sometimes","Fairly easy",NA,NA,NA,NA,NA,NA,NA,NA,NA,NA,NA,NA,NA,NA,NA,NA,NA,NA,NA,NA,NA,NA,NA,NA,NA,NA,NA,NA,NA,NA,NA,NA,NA,NA,NA,NA,"No, not at all",NA,NA,"I have not used any of these tobacco products",NA,NA,NA,NA,NA,NA,NA,NA,NA
"EK581022","Do not know","Do not know","82.6","273.7","6-10 times a day","Car or motor vehicle","Prefer not to answer",NA,NA,NA,NA,NA,NA,NA,NA,NA,NA,"171","190","176.3","215.7","256","314","265.1","66.2","Brisk pace","83","94","40",NA,NA,NA,NA,NA,"Prefer not to answer",NA,"63","14","14",NA,"65","66","93","9","26","91","61","10","11","91","23","85",NA,NA,NA,NA,NA,NA,NA,"Sports club or gym","Once a week","Definitely an 'evening' person","Often","9.0","Never/rarely","Do not know","Never/rarely","Not very easy",NA,NA,NA,NA,NA,NA,NA,NA,NA,NA,NA,NA,NA,NA,NA,NA,NA,NA,NA,NA,NA,NA,NA,NA,NA,NA,NA,NA,NA,NA,NA,NA,NA,NA,NA,NA,"Yes, every day",NA,NA,"I have not used any of these tobacco products",NA,NA,NA,NA,NA,NA,NA,NA,NA
"IY174019","Prefer not to answer","Do not know","83.1","98.9","6-10 times a day","Car or motor vehicle","Heavy DIY (e.g., DIY that requires a lot of physical effort)","Once a week","Between 1 hour and 1.5 hours",NA,NA,NA,NA,NA,NA,NA,NA,"204","333","109.7","89.7","152","70","277.2","206.7","Steady average pace","96","82","36",NA,NA,NA,NA,NA,"Prefer not to answer",NA,"8","91","3",NA,"14","18","78","22","66","79","11","9","69","12","79","18",NA,NA,NA,NA,NA,NA,NA,"Sports club or gym","1-3 times a month","Definitely a 'morning' person","Sometimes","23.8","Never/rarely","Yes","Never/rarely","Fairly easy",NA,NA,NA,NA,NA,NA,NA,NA,NA,NA,NA,NA,NA,NA,NA,NA,NA,NA,NA,NA,NA,NA,NA,NA,NA,NA,NA,NA,NA,NA,NA,NA,NA,NA,NA,NA,"No, not at all",NA,NA,"I have not used any of these tobacco products",NA,NA,NA,NA,NA,NA,NA,NA,NA
"WD327079","Do not know","Do not know","100.8","123.4","More than 20 times a day","Prefer not to answer","Other exercises (e.g., swimming, cycling, keep fit, bowling); Light DIY (e.g., DIY that does not require a lot of physical effort)",NA,NA,"4-5 times a week","Between 30 minutes and 1 hour","4-5 times a week","Between 1.5 hours and 2 hours",NA,NA,NA,NA,"349","349","62.6","266.7","345","121","281.2","21.7","Brisk pace","41","29","53","Drink less than before",NA,NA,"Cost reasons","Training/fitness","One to three times a month","Sometimes","50","11","57","No","1","88","71","29","33","55","65","12","62","31","17","87",NA,NA,NA,NA,NA,NA,NA,"Religious group; Volunteering group","Less than once a month","Definitely a 'morning' person","Sometimes","9.4","Sometimes","Yes","Never/rarely","Fairly easy",NA,NA,NA,NA,NA,NA,NA,NA,NA,NA,NA,NA,NA,NA,NA,NA,NA,NA,NA,NA,NA,NA,NA,NA,NA,NA,NA,NA,NA,NA,NA,NA,NA,NA,NA,NA,"No, not at all",NA,NA,"I have not used any of these tobacco products",NA,NA,NA,NA,NA,NA,NA,NA,NA
"PC164185","Do not know","Do not know","239.0","206.4","6-10 times a day","Public transport","Walking for pleasure (not as a means of transport); Light DIY (e.g., DIY that does not require a lot of physical effort)",NA,NA,"Once a week","Between 30 minutes and 1 hour",NA,NA,NA,NA,"Once in the last 4 weeks","Between 1.5 hours and 2 hours","232","279","85.2","7.6","297","87","60.1","269.1","Brisk pace","29","1","97","Drink less than before",NA,NA,"Family/work responsibilities","Training/fitness","One to three times a month","Sometimes","5","51","83","No","73","14","46","43","75","82","5","98","21","9","25","34",NA,NA,NA,NA,NA,NA,NA,"Volunteering group","1-3 times a month","Do not know","Never/rarely","14.3","Never/rarely","No","Usually","Not very easy","10 or less","Prefer not to answer","7","33","16",NA,"More nowadays?",NA,"No",NA,NA,NA,NA,NA,"2.4",NA,"A few days per year","3 to 5 hours per day","63","54","No","11","85",NA,NA,NA,"Yes","Hand-rolled cigarettes","Current regular smoker","24","0","54","34","Manufactured cigarette","Prefer not to answer",NA,"Yes, every day","85","Smoked on most or all days","Tobacco pipe","No","88","36",NA,NA,NA,NA,NA,NA
"ZU364944","Do not know","Prefer not to answer","5.7","99.1","None","Walk","Walking for pleasure (not as a means of transport)",NA,NA,NA,NA,NA,NA,NA,NA,"Once a week","Between 1.5 hours and 2 hours","234","260","31.7","32.4","252","56","128.4","296.6","Brisk pace","55","77","54","Drink about the same",NA,NA,NA,NA,"Once or twice a week","Sometimes","21","83","3","No","50","46","28","82","39","37","60","22","41","90","7","6",NA,NA,NA,NA,NA,NA,NA,"Volunteering group","Less than once a month","Prefer not to answer","Never/rarely","13.5","Never/rarely","No","Prefer not to answer","Do not know","or more","Prefer not to answer","99","86","39",NA,"Less nowadays?",NA,"Yes","Financial","Yes","Health concerns",NA,"Illness",NA,NA,"Never","3 to 5 hours per day","82","39","Yes, one household member smokes","20","50",NA,"Cost",NA,"Yes","Manufactured cigarettes","Current occasional smoker","11","94","87","44","None of the above","Hand-rolled cigarettes",NA,"Yes, but rarely","26","Smoked on most or all days","Smokeless tobacco","Prefer not to answer","13","95",NA,NA,NA,NA,NA,NA
"KF123631","Prefer not to answer","Prefer not to answer","182.6","220.1","1-5 times a day","Mixed modes","Strenuous sports",NA,NA,NA,NA,NA,NA,"Once a week","Less than 15 minutes",NA,NA,"84","27","169.5","287.1","153","147","115.9","245.6","Slow pace","89","85","2","Drink less than before",NA,NA,"Other","Medication interaction","Daily or almost daily","Usually","89","71","19","No","2","98","29","12","64","89","39","73","1","7","68","47",NA,NA,NA,NA,NA,NA,NA,"Prefer not to answer","Less than once a month","More an 'evening' than a 'morning' person","Do not know","13.8","Never/rarely","No","Never/rarely","Fairly easy",NA,NA,NA,NA,NA,NA,NA,NA,NA,NA,NA,NA,NA,NA,NA,NA,NA,NA,NA,NA,NA,NA,NA,NA,NA,NA,NA,NA,NA,NA,NA,NA,NA,NA,NA,NA,"No, not at all",NA,NA,"I have not used any of these tobacco products",NA,NA,NA,NA,NA,NA,NA,NA,NA
"JE328376","Prefer not to answer","Prefer not to answer","64.6","83.9","6-10 times a day","Car or motor vehicle","None of the above",NA,NA,NA,NA,NA,NA,NA,NA,NA,NA,"62","159","262.8","251.4","151","228","269.6","128.5","Brisk pace","19","87","1","Drink about the same",NA,NA,NA,NA,"Once or twice a week","Always","7","12","90","No","18","24","3","87","58","58","59","38","37","43","72","56",NA,NA,NA,NA,NA,NA,NA,"Sports club or gym; Pub or social club","Less than once a month","Do not know","Never/rarely","0.7","Sometimes","No","Never/rarely","Not very easy",NA,NA,NA,NA,NA,NA,NA,NA,NA,NA,NA,NA,NA,NA,NA,NA,NA,NA,NA,NA,NA,NA,NA,NA,NA,NA,NA,NA,NA,NA,NA,NA,NA,NA,NA,NA,"Yes, some days",NA,NA,"I have not used any of these tobacco products",NA,NA,NA,NA,NA,NA,NA,NA,NA
"JJ255277","Do not know","Do not know","175.2","287.0","None","Car or motor vehicle","Walking for pleasure (not as a means of transport)",NA,NA,NA,NA,NA,NA,NA,NA,"Every day","Between 2 and 3 hours","287","106","277.6","193.0","71","141","227.2","246.4","Fast pace","24","28","30","Drink about the same",NA,NA,NA,NA,"Never",NA,"100","82","11","Yes","73","6","84","14","72","67","59","85","29","69","99","99",NA,NA,NA,NA,NA,NA,NA,"Arts/music group","Less than once a month","Definitely an 'evening' person","Never/rarely","9.4","Never/rarely","No","Usually","Very easy",NA,NA,NA,NA,NA,NA,NA,NA,NA,NA,NA,NA,NA,NA,NA,NA,NA,NA,NA,NA,NA,NA,NA,NA,NA,NA,NA,NA,NA,NA,NA,NA,NA,NA,NA,NA,"Yes, some days",NA,NA,"I have not used any of these tobacco products",NA,NA,NA,NA,NA,NA,NA,NA,NA
"XT671959","Prefer not to answer","Do not know","169.7","167.6","1-5 times a day","Car or motor vehicle","None of the above",NA,NA,NA,NA,NA,NA,NA,NA,NA,NA,"67","351","224.2","218.2","24","276","203.1","34.0","Steady average pace","22","38","39","Drink about the same",NA,NA,NA,NA,"Special occasions only","Sometimes","74","96","17","No","34","22","93","45","91","91","41","59","4","17","39","53",NA,NA,NA,NA,NA,NA,NA,"Arts/music group","2-4 times a week","Definitely an 'evening' person","Sometimes","16.5","Never/rarely","No","Sometimes","Very easy","or more","10 or less","31","89","64",NA,"About the same?",NA,"Prefer not to answer",NA,NA,NA,NA,NA,"7.2",NA,"Every day","More than 15 hours per day","13","51","No","61","53",NA,NA,NA,"Yes","Manufactured cigarettes","Prefer not to answer","26","93","50","13","Manufactured cigarette","Manufactured cigarette",NA,"Yes, every day","66","Just tried once or twice","Cigar","Yes","98","74",NA,"5-14 times /day",NA,"Nicotine e-liquid",NA,"I had never smoked tobacco cigarettes"
"AB859478","Do not know","Do not know","131.8","143.9","6-10 times a day","Car or motor vehicle","Strenuous sports",NA,NA,NA,NA,NA,NA,"Once a week","Between 30 minutes and 1 hour",NA,NA,"193","97","98.6","227.1","230","45","291.1","88.7","Brisk pace","66","41","18","Drink about the same",NA,NA,NA,NA,"Never",NA,"99","51","41","Yes","77","91","47","15","3","64","63","55","90","90","95","92",NA,NA,NA,NA,NA,NA,NA,"Religious group","Once a week","More a 'morning' than 'evening' person","Never/rarely","3.3","Never/rarely","No","Never/rarely","Not very easy","Prefer not to answer","or more","45","82","6",NA,"More nowadays?",NA,"Yes","Other",NA,NA,NA,NA,"0.1",NA,"Every day","1 to 2 hours per day","63","26","No","66","19",NA,NA,NA,"Yes","Manufactured cigarettes","Current regular smoker","1","51","92","90","Hand-rolled cigarettes","Manufactured cigarette",NA,"Yes, but rarely","73","Just tried once or twice","Electronic delivery devices that can be vaped, such as e-cigarettes (e.g., UWELL, Vype, Vuse, Vapouriz, WizMix)","No","32","62",NA,NA,NA,NA,NA,NA
"YW689783","Prefer not to answer","Do not know","279.4","178.9","16-20 times a day","Walk","Walking for pleasure (not as a means of transport)",NA,NA,NA,NA,NA,NA,NA,NA,"2-3 times in the last 4 weeks","Between 1 hour and 1.5 hours","267","31","48.3","34.3","349","152","243.8","45.6","Brisk pace","22","77","89","Drink more than before",NA,NA,NA,NA,"Once or twice a week","Sometimes","85","43","14","No","83","9","76","11","52","55","31","3","81","54","31","19",NA,NA,NA,NA,NA,NA,NA,"Sports club or gym","2-4 times a week","More a 'morning' than 'evening' person","Sometimes","15.1","Sometimes","Yes","Never/rarely","Not very easy",NA,NA,NA,NA,NA,NA,NA,NA,NA,NA,NA,NA,NA,NA,NA,NA,NA,NA,NA,NA,NA,NA,NA,NA,NA,NA,NA,NA,NA,NA,NA,NA,NA,NA,NA,NA,"No, not at all",NA,NA,"I have not used any of these tobacco products",NA,NA,NA,NA,NA,NA,NA,NA,NA
"YD304066","Do not know","Do not know","292.3","23.6","6-10 times a day","Mixed modes","None of the above",NA,NA,NA,NA,NA,NA,NA,NA,NA,NA,"1","9","75.8","91.8","15","87","159.3","198.3","Steady average pace","52","1","19","Drink less than before",NA,NA,"Family/work responsibilities","Medication interaction","Three or four times a week","Never","19","85","77","No","86","52","56","41","9","99","80","40","60","86","8","28",NA,NA,NA,NA,NA,NA,NA,"Sports club or gym","Never","More an 'evening' than a 'morning' person","Never/rarely","18.1","Never/rarely","No","Never/rarely","Very easy","50-99","11-49","56","26","24",NA,"About the same?",NA,"Do not know",NA,NA,NA,NA,NA,"2.9",NA,"Every day","Less than 1 hour per day","37","27","Yes, more than one household member smokes","90","41",NA,NA,NA,"Yes","Manufactured cigarettes","Current regular smoker","39","49","87","53","Hand-rolled cigarettes","Manufactured cigarette",NA,"Yes, but rarely","31","Smoked on most or all days","Smokeless tobacco","Yes","78","43",NA,"5-14 times /day",NA,"Nicotine e-liquid",NA,"I was a current smoker of tobacco cigarettes and had no plans to quit"
"SY511104","Prefer not to answer","Do not know","152.3","117.4","1-5 times a day","Public transport","Heavy DIY (e.g., DIY that requires a lot of physical effort)","Once a week","Between 30 minutes and 1 hour",NA,NA,NA,NA,NA,NA,NA,NA,"260","186","228.3","95.5","93","186","265.5","180.2","Steady average pace","100","14","47","Drink about the same",NA,NA,NA,NA,"Once or twice a week","Sometimes","14","28","23","No","83","94","65","96","10","17","63","80","86","8","34","12",NA,NA,NA,NA,NA,NA,NA,"Sports club or gym","Almost daily","Definitely a 'morning' person","Never/rarely","19.5","Sometimes","No","Never/rarely","Not very easy",NA,NA,NA,NA,NA,NA,NA,NA,NA,NA,NA,NA,NA,NA,NA,NA,NA,NA,NA,NA,NA,NA,NA,NA,NA,NA,NA,NA,NA,NA,NA,NA,NA,NA,NA,NA,"No, not at all",NA,NA,"I have not used any of these tobacco products",NA,NA,NA,NA,NA,NA,NA,NA,NA
"QY863127","Prefer not to answer","Do not know","109.2","23.4","16-20 times a day","Mixed modes","Prefer not to answer",NA,NA,NA,NA,NA,NA,NA,NA,NA,NA,"110","138","228.7","131.7","236","200","128.5","8.6","Brisk pace","80","93","100","Drink about the same",NA,NA,NA,NA,"Once or twice a week","Usually","92","80","6","No","93","16","89","97","65","50","69","53","39","16","76","19",NA,NA,NA,NA,NA,NA,NA,"Sports club or gym","1-3 times a month","Definitely a 'morning' person","Never/rarely","5.4","Never/rarely","No","Sometimes","Fairly easy",NA,NA,NA,NA,NA,NA,NA,NA,NA,NA,NA,NA,NA,NA,NA,NA,NA,NA,NA,NA,NA,NA,NA,NA,NA,NA,NA,NA,NA,NA,NA,NA,NA,NA,NA,NA,"Prefer not to answer",NA,NA,"I have not used any of these tobacco products",NA,NA,NA,NA,NA,NA,NA,NA,NA
"NT364021","Prefer not to answer","Prefer not to answer","34.2","180.2","16-20 times a day","Walk","Strenuous sports",NA,NA,NA,NA,NA,NA,"Once in the last 4 weeks","Between 30 minutes and 1 hour",NA,NA,"20","263","101.1","240.0","31","354","0.7","92.9","Do not know","10","4","97","Drink less than before",NA,NA,"Cost reasons","Health advice","Once or twice a week","Prefer not to answer","6","86","66","No","92","72","79","15","14","22","35","14","72","85","90","93",NA,NA,NA,NA,NA,NA,NA,"Arts/music group","Once a week","More a 'morning' than 'evening' person","Never/rarely","2.1",NA,"No","Never/rarely","Fairly easy",NA,NA,NA,NA,NA,NA,NA,NA,NA,NA,NA,NA,NA,NA,NA,NA,NA,NA,NA,NA,NA,NA,NA,NA,NA,NA,NA,NA,NA,NA,NA,NA,NA,NA,NA,NA,"No, not at all",NA,NA,"I have not used any of these tobacco products",NA,NA,NA,NA,NA,NA,NA,NA,NA
"NI298940","Do not know","11-15 times a day",NA,NA,"6-10 times a day","Mixed modes","Light DIY (e.g., DIY that does not require a lot of physical effort)",NA,NA,"Do not know","Between 15 and 30 minutes",NA,NA,NA,NA,NA,NA,NA,NA,NA,NA,"357","340",NA,NA,"Steady average pace","5","27","98","Drink about the same",NA,NA,NA,NA,"Daily or almost daily","Sometimes","40","84","66","No","91","22","89","73","66","61","60","53","1","46","87","22","8.4","11.7","12.3","21.6","15.8","13.1","23.0","Sports club or gym","2-4 times a week",NA,NA,"12.6",NA,NA,NA,NA,NA,NA,NA,NA,NA,NA,NA,NA,NA,NA,NA,NA,NA,NA,NA,NA,NA,NA,NA,NA,NA,NA,NA,NA,NA,NA,NA,NA,NA,NA,NA,NA,NA,NA,NA,"No, not at all",NA,NA,NA,NA,NA,NA,NA,NA,NA,NA,NA,NA,NA
"ON763943","Do not know","Prefer not to answer","48.1","40.9","6-10 times a day","Car or motor vehicle","Other exercises (e.g., swimming, cycling, keep fit, bowling)",NA,NA,NA,NA,"Once in the last 4 weeks","Between 2 and 3 hours",NA,NA,NA,NA,"214","33","262.6","153.2","248","344","158.7","100.9","Do not know","37","97","40",NA,NA,NA,NA,NA,"Never",NA,"77","72","56","No","96","0","76","2","75","50","40","29","56","55","32","89",NA,NA,NA,NA,NA,NA,NA,"No regular group","Once a week","Definitely a 'morning' person","Never/rarely","16.6","Never/rarely","No","Never/rarely","Very easy",NA,NA,NA,NA,NA,NA,NA,NA,NA,NA,NA,NA,NA,NA,NA,NA,NA,NA,NA,NA,NA,NA,NA,NA,NA,NA,NA,NA,NA,NA,NA,NA,NA,NA,NA,NA,"No, not at all",NA,NA,"I have not used any of these tobacco products",NA,NA,NA,NA,NA,NA,NA,NA,NA
"FN844747","Prefer not to answer","Prefer not to answer","54.4","277.6","6-10 times a day","Walk","Walking for pleasure (not as a means of transport)",NA,NA,NA,NA,NA,NA,NA,NA,"Once in the last 4 weeks","Less than 15 minutes","242","246","195.4","131.4","290","190","104.8","114.9","Do not know","20","79","4","Drink less than before",NA,NA,"Family/work responsibilities","Health advice","Once or twice a week","Always","31","69","51","No","84","98","90","77","61","34","36","66","18","75","93","64",NA,NA,NA,NA,NA,NA,NA,"Pub or social club; Religious group","1-3 times a month","Do not know",NA,"2.2","Never/rarely","No",NA,"Very easy",NA,NA,NA,NA,NA,NA,NA,NA,NA,NA,NA,NA,NA,NA,NA,NA,NA,NA,NA,NA,NA,NA,NA,NA,NA,NA,NA,NA,NA,NA,NA,NA,NA,NA,NA,NA,"No, not at all",NA,NA,"I have not used any of these tobacco products",NA,NA,NA,NA,NA,NA,NA,NA,NA
"XC879374","Prefer not to answer","Prefer not to answer","225.2","288.7","1-5 times a day","Cycle","Prefer not to answer",NA,NA,NA,NA,NA,NA,NA,NA,NA,NA,"315","250","202.5","263.8","209","333","272.0","189.0","Slow pace","55","94","2","Drink less than before",NA,NA,"Other","Medication interaction","Three or four times a week","Sometimes","80","63","69","No","94","1","10","6","93","69","55","18","17","6","36","97",NA,NA,NA,NA,NA,NA,NA,"Religious group","Once a week",NA,"Sometimes","8.8","Never/rarely","No","Prefer not to answer","Not easy at all",NA,NA,NA,NA,NA,NA,NA,NA,NA,NA,NA,NA,NA,NA,NA,NA,NA,NA,NA,NA,NA,NA,NA,NA,NA,NA,NA,NA,NA,NA,NA,NA,NA,NA,NA,NA,"No, not at all",NA,NA,"I have not used any of these tobacco products",NA,NA,NA,NA,NA,NA,NA,NA,NA
"OR649975","Prefer not to answer","Prefer not to answer","66.0","201.0","1-5 times a day","Walk","Prefer not to answer",NA,NA,NA,NA,NA,NA,NA,NA,NA,NA,"164","120","75.2","167.0","303","321","249.2","230.8","Steady average pace","93","82","92","Drink about the same",NA,NA,NA,NA,"Special occasions only","Sometimes","45","74","20","No","15","7","1","1","47","91","86","33","45","31","78","82",NA,NA,NA,NA,NA,NA,NA,"Pub or social club; Religious group","Once a week","More an 'evening' than a 'morning' person","Never/rarely","8.2","Never/rarely","No","Never/rarely","Fairly easy",NA,NA,NA,NA,NA,NA,NA,NA,NA,NA,NA,NA,NA,NA,NA,NA,NA,NA,NA,NA,NA,NA,NA,NA,NA,NA,NA,NA,NA,NA,NA,NA,NA,NA,NA,NA,"Yes, every day",NA,NA,"I have not used any of these tobacco products",NA,NA,NA,NA,NA,NA,NA,NA,NA
"KJ268066","Do not know","Do not know","205.2","240.2","6-10 times a day","Car or motor vehicle","Walking for pleasure (not as a means of transport)",NA,NA,NA,NA,NA,NA,NA,NA,"Once in the last 4 weeks","Between 30 minutes and 1 hour","334","236","205.0","123.2","141","358","99.2","107.5","Brisk pace","63","1","93","Drink less than before",NA,NA,"Family/work responsibilities","Health advice","Once or twice a week","Prefer not to answer","82","62","67","No","67","18","33","11","92","42","38","43","38","26","17","14",NA,NA,NA,NA,NA,NA,NA,"Pub or social club","Almost daily","More a 'morning' than 'evening' person","Never/rarely","7.7","Sometimes","No",NA,"Not easy at all",NA,NA,NA,NA,NA,NA,NA,NA,NA,NA,NA,NA,NA,NA,NA,NA,NA,NA,NA,NA,NA,NA,NA,NA,NA,NA,NA,NA,NA,NA,NA,NA,NA,NA,NA,NA,"Yes, but rarely",NA,NA,"I have not used any of these tobacco products",NA,NA,NA,NA,NA,NA,NA,NA,NA
"EA720904","6-10 times a day","Do not know",NA,NA,"1-5 times a day","Public transport","Light DIY (e.g., DIY that does not require a lot of physical effort)",NA,NA,"Every day","Between 30 minutes and 1 hour",NA,NA,NA,NA,NA,NA,NA,NA,NA,NA,"204","237",NA,NA,"Brisk pace","23","38","33","Drink about the same",NA,NA,NA,NA,"Once or twice a week","Always","0","76","78","No","45","77","27","82","58","34","97","21","3","58","3","78","19.2","13.7","18.3","1.1","17.8","4.3","1.4","Sports club or gym","Less than once a month",NA,NA,"23.3",NA,NA,NA,NA,NA,NA,NA,NA,NA,NA,NA,NA,NA,NA,NA,NA,NA,NA,NA,NA,NA,NA,NA,NA,NA,NA,NA,NA,NA,NA,NA,NA,NA,NA,NA,NA,NA,NA,NA,"No, not at all",NA,NA,NA,NA,NA,NA,NA,NA,NA,NA,NA,NA,NA
"PH815222","Do not know","Do not know","152.6","70.5","11-15 times a day","Car or motor vehicle","Prefer not to answer",NA,NA,NA,NA,NA,NA,NA,NA,NA,NA,"132","195","61.5","78.9","29","315","66.1","255.9","Fast pace","83","18","48","Drink about the same",NA,NA,NA,NA,"Special occasions only","Usually","16","92","83","No","90","59","48","6","15","92","22","28","67","95","63","3",NA,NA,NA,NA,NA,NA,NA,"No regular group","Once a week","More a 'morning' than 'evening' person","Never/rarely","11.8",NA,"No","Never/rarely","Not very easy",NA,NA,NA,NA,NA,NA,NA,NA,NA,NA,NA,NA,NA,NA,NA,NA,NA,NA,NA,NA,NA,NA,NA,NA,NA,NA,NA,NA,NA,NA,NA,NA,NA,NA,NA,NA,"Yes, every day",NA,NA,"I have not used any of these tobacco products",NA,NA,NA,NA,NA,NA,NA,NA,NA
"QT829836","Do not know","Prefer not to answer","169.0","250.9","6-10 times a day","Walk","Other exercises (e.g., swimming, cycling, keep fit, bowling)",NA,NA,NA,NA,"Once a week","Between 1 hour and 1.5 hours",NA,NA,NA,NA,"171","63","36.6","116.4","337","254","59.7","181.2","Brisk pace","53","10","24","Drink more than before",NA,NA,NA,NA,"Special occasions only","Sometimes","40","69","59","No","45","62","66","94","61","7","26","78","46","74","92","51",NA,NA,NA,NA,NA,NA,NA,"Volunteering group; Arts/music group","Less than once a month","Definitely an 'evening' person","Never/rarely","6.1","Sometimes","Yes","Never/rarely","Not easy at all",NA,NA,NA,NA,NA,NA,NA,NA,NA,NA,NA,NA,NA,NA,NA,NA,NA,NA,NA,NA,NA,NA,NA,NA,NA,NA,NA,NA,NA,NA,NA,NA,NA,NA,NA,NA,"Yes, every day",NA,NA,"I have not used any of these tobacco products",NA,NA,NA,NA,NA,NA,NA,NA,NA
"VU126847","Prefer not to answer","Do not know","283.1","275.0","1-5 times a day","Prefer not to answer","Prefer not to answer",NA,NA,NA,NA,NA,NA,NA,NA,NA,NA,"300","106","273.4","191.6","177","72","198.9","156.4","Brisk pace","22","69","6","Stopped drinking","Health reasons","Other",NA,NA,"One to three times a month","Never","69","62","40","No","17","26","9","2","56","93","66","67","18","1","12","89",NA,NA,NA,NA,NA,NA,NA,"Religious group; Volunteering group","1-3 times a month","More a 'morning' than 'evening' person","Never/rarely","22.7","Never/rarely","No",NA,"Fairly easy","10 or less","or more","46","41",NA,NA,NA,NA,NA,NA,NA,NA,NA,NA,"1.3",NA,"Most days of the week","1 to 2 hours per day","49","56","No","24","82",NA,NA,NA,"No",NA,NA,"39","89","82","35","Prefer not to answer",NA,NA,"No, not at all","70","I have never smoked","Electronic delivery devices that can be vaped, such as e-cigarettes (e.g., UWELL, Vype, Vuse, Vapouriz, WizMix)","No","24","62",NA,NA,NA,NA,NA,NA
"QE342658","Do not know","Do not know","4.9","182.1","1-5 times a day","Car or motor vehicle","Other exercises (e.g., swimming, cycling, keep fit, bowling)",NA,NA,NA,NA,"Once in the last 4 weeks","Between 30 minutes and 1 hour",NA,NA,NA,NA,"2","296","217.0","282.2","304","165","10.8","74.8","Brisk pace","87","52","32","Drink about the same",NA,NA,NA,NA,"Never",NA,"63","41","35","Yes","19","26","10","56","78","56","0","42","6","17","46","30",NA,NA,NA,NA,NA,NA,NA,"No regular group","2-4 times a week","More an 'evening' than a 'morning' person","Never/rarely","15.6","Sometimes","No","Sometimes","Fairly easy",NA,NA,NA,NA,NA,NA,NA,NA,NA,NA,NA,NA,NA,NA,NA,NA,NA,NA,NA,NA,NA,NA,NA,NA,NA,NA,NA,NA,NA,NA,NA,NA,NA,NA,NA,NA,"No, not at all",NA,NA,"I have not used any of these tobacco products",NA,NA,NA,NA,NA,NA,NA,NA,NA
"RF817356","Prefer not to answer","Prefer not to answer","85.2","132.8","None","Public transport","Walking for pleasure (not as a means of transport)",NA,NA,NA,NA,NA,NA,NA,NA,"2-3 times in the last 4 weeks","Between 30 minutes and 1 hour","72","51","296.8","19.2","210","23","120.3","109.4","Steady average pace","43","13","82","Drink about the same",NA,NA,NA,NA,"One to three times a month","Sometimes","50","52","27","No","95","76","43","37","81","40","69","9","28","85","40","14",NA,NA,NA,NA,NA,NA,NA,"No regular group",NA,"Definitely a 'morning' person","Never/rarely","15.3","Sometimes","Yes","Never/rarely","Not very easy",NA,NA,NA,NA,NA,NA,NA,NA,NA,NA,NA,NA,NA,NA,NA,NA,NA,NA,NA,NA,NA,NA,NA,NA,NA,NA,NA,NA,NA,NA,NA,NA,NA,NA,NA,NA,"No, not at all",NA,NA,"I have not used any of these tobacco products",NA,NA,NA,NA,NA,NA,NA,NA,NA
"BN276705","Prefer not to answer","Do not know","129.6","73.3","None","Mixed modes","None of the above",NA,NA,NA,NA,NA,NA,NA,NA,NA,NA,"116","87","278.9","99.9","148","151","232.5","230.5","Steady average pace","30","62","32","Drink about the same",NA,NA,NA,NA,"Once or twice a week","Always","75","77","89","No","18","51","78","68","57","39","62","67","34","62","90","81",NA,NA,NA,NA,NA,NA,NA,"Arts/music group; Religious group","Less than once a month","Definitely a 'morning' person","Sometimes","19.3","Never/rarely","Yes","Never/rarely","Fairly easy",NA,NA,NA,NA,NA,NA,NA,NA,NA,NA,NA,NA,NA,NA,NA,NA,NA,NA,NA,NA,NA,NA,NA,NA,NA,NA,NA,NA,NA,NA,NA,NA,NA,NA,NA,NA,"No, not at all",NA,NA,"I have not used any of these tobacco products",NA,NA,NA,NA,NA,NA,NA,NA,NA
"FD487748","Do not know","Do not know","191.9","178.6","6-10 times a day","Mixed modes","None of the above",NA,NA,NA,NA,NA,NA,NA,NA,NA,NA,"132","351","263.1","86.6","119","171","93.3","175.5","Brisk pace","95","1","11","Drink about the same",NA,NA,NA,NA,"Once or twice a week","Always","35","55","97","No","22","67","45","30","26","67","29","91","70","5","69","59",NA,NA,NA,NA,NA,NA,NA,"Sports club or gym","Almost daily","More an 'evening' than a 'morning' person","Never/rarely","2.7","Never/rarely","No","Prefer not to answer","Very easy","50-99","11-49","1","52",NA,NA,NA,NA,NA,NA,NA,NA,NA,NA,"5.3",NA,"Most days of the week","Less than 1 hour per day","63","81","Do not know","81","44",NA,NA,NA,"No",NA,NA,"99","49","12","52","Prefer not to answer",NA,NA,"No, not at all","90","I have never smoked","Cigar","Yes","94","38",NA,"1-2 times /week",NA,"Nicotine e-liquid",NA,"I had stopped smoking tobacco cigarettes"
"VI675228","Do not know","Prefer not to answer","251.4","71.4","1-5 times a day","Car or motor vehicle","Prefer not to answer",NA,NA,NA,NA,NA,NA,NA,NA,NA,NA,"195","53","60.3","69.7","179","78","211.2","292.4","Steady average pace","79","79","43","Drink about the same",NA,NA,NA,NA,"One to three times a month","Never","24","25","7","No","30","100","33","86","8","69","88","29","31","61","58","90",NA,NA,NA,NA,NA,NA,NA,"No regular group","Almost daily","Definitely a 'morning' person","Sometimes","22.0","Never/rarely","No","Never/rarely",NA,NA,NA,NA,NA,NA,NA,NA,NA,NA,NA,NA,NA,NA,NA,NA,NA,NA,NA,NA,NA,NA,NA,NA,NA,NA,NA,NA,NA,NA,NA,NA,NA,NA,NA,NA,NA,"No, not at all",NA,NA,"I have not used any of these tobacco products",NA,NA,NA,NA,NA,NA,NA,NA,NA
"FH182976","Do not know","Do not know","98.3","187.8","1-5 times a day","Car or motor vehicle","Walking for pleasure (not as a means of transport)",NA,NA,NA,NA,NA,NA,NA,NA,"Prefer not to answer","Between 1 hour and 1.5 hours","18","235","149.9","177.9","228","348","170.0","36.5","Brisk pace","7","85","53","Drink about the same",NA,NA,NA,NA,"Daily or almost daily","Sometimes","20","97","43","No","82","45","33","96","51","19","60","12","39","62","71","59",NA,NA,NA,NA,NA,NA,NA,"Pub or social club","1-3 times a month","More a 'morning' than 'evening' person","Never/rarely","0.8","Never/rarely",NA,"Sometimes","Very easy",NA,NA,NA,NA,NA,NA,NA,NA,NA,NA,NA,NA,NA,NA,NA,NA,NA,NA,NA,NA,NA,NA,NA,NA,NA,NA,NA,NA,NA,NA,NA,NA,NA,NA,NA,NA,"Yes, every day",NA,NA,"I have not used any of these tobacco products",NA,NA,NA,NA,NA,NA,NA,NA,NA
"FW331505","Prefer not to answer","Do not know","214.7","59.1","6-10 times a day","Walk","Walking for pleasure (not as a means of transport)",NA,NA,NA,NA,NA,NA,NA,NA,"Do not know","Between 30 minutes and 1 hour","238","132","191.2","102.0","102","153","95.6","262.4","Fast pace","17","92","26","Drink less than before",NA,NA,"Cost reasons","Other","One to three times a month","Sometimes","17","54","87","No","56","91","40","14","6","14","23","67","86","55","69","54",NA,NA,NA,NA,NA,NA,NA,"Pub or social club","Once a week",NA,"Sometimes","21.3","Never/rarely","Prefer not to answer","Usually","Fairly easy",NA,NA,NA,NA,NA,NA,NA,NA,NA,NA,NA,NA,NA,NA,NA,NA,NA,NA,NA,NA,NA,NA,NA,NA,NA,NA,NA,NA,NA,NA,NA,NA,NA,NA,NA,NA,"Yes, every day",NA,NA,"I have not used any of these tobacco products",NA,NA,NA,NA,NA,NA,NA,NA,NA
"TP234953","Prefer not to answer","Do not know","209.7","156.4","11-15 times a day","Walk","Light DIY (e.g., DIY that does not require a lot of physical effort)",NA,NA,"Once in the last 4 weeks","Between 2 and 3 hours",NA,NA,NA,NA,NA,NA,"254","74","212.2","257.5","151","271","25.3","17.9","Fast pace","70","50","40","Drink about the same",NA,NA,NA,NA,"Once or twice a week","Sometimes","75","93","80","No","30","10","85","42","77","55","33","48","16","100","18","20",NA,NA,NA,NA,NA,NA,NA,"Volunteering group","1-3 times a month","More an 'evening' than a 'morning' person","Sometimes","12.1","Never/rarely","No","Never/rarely","Not easy at all","50-99","11-49","77","90",NA,NA,NA,NA,NA,NA,NA,NA,NA,NA,"1.1",NA,"A few days per year","Less than 1 hour per day","34","64","No","34","29",NA,NA,NA,"No",NA,NA,"45","10","66","71","Hand-rolled cigarettes",NA,NA,"No, not at all","10","I have never smoked","Electronic delivery devices that can be vaped, such as e-cigarettes (e.g., UWELL, Vype, Vuse, Vapouriz, WizMix)","No","18","61",NA,NA,NA,NA,NA,NA
"OZ599864","Prefer not to answer","Prefer not to answer","95.4","194.1","1-5 times a day","Car or motor vehicle","Other exercises (e.g., swimming, cycling, keep fit, bowling)",NA,NA,NA,NA,"2-3 times in the last 4 weeks","Between 30 minutes and 1 hour",NA,NA,NA,NA,"136","104","180.8","22.8","308","201","253.6","176.6","Steady average pace","20","54","17","Prefer not to answer",NA,NA,NA,NA,"Once or twice a week","Usually","38","34","19","No","52","92","88","48","50","86","96","99","45","32","86","79",NA,NA,NA,NA,NA,NA,NA,"Pub or social club","1-3 times a month","More a 'morning' than 'evening' person","Sometimes","12.4","Sometimes","Yes","Usually","Very easy",NA,NA,NA,NA,NA,NA,NA,NA,NA,NA,NA,NA,NA,NA,NA,NA,NA,NA,NA,NA,NA,NA,NA,NA,NA,NA,NA,NA,NA,NA,NA,NA,NA,NA,NA,NA,"No, not at all",NA,NA,"I have not used any of these tobacco products",NA,NA,NA,NA,NA,NA,NA,NA,NA
"BL521901","Do not know","Prefer not to answer","205.3","278.0","Do not know","Mixed modes","None of the above",NA,NA,NA,NA,NA,NA,NA,NA,NA,NA,"278","150","134.2","82.3","73","280","284.8","196.2","Steady average pace","95","23","34","Drink about the same",NA,NA,NA,NA,"Special occasions only","Usually","9","37","25","No","69","96","35","79","23","59","6","49","42","0","24","82",NA,NA,NA,NA,NA,NA,NA,"Sports club or gym","Once a week","More an 'evening' than a 'morning' person","Sometimes","2.8","Never/rarely","Prefer not to answer","Never/rarely","Fairly easy",NA,NA,NA,NA,NA,NA,NA,NA,NA,NA,NA,NA,NA,NA,NA,NA,NA,NA,NA,NA,NA,NA,NA,NA,NA,NA,NA,NA,NA,NA,NA,NA,NA,NA,NA,NA,"No, not at all",NA,NA,"I have not used any of these tobacco products",NA,NA,NA,NA,NA,NA,NA,NA,NA
"JJ939514","Do not know","Prefer not to answer","25.2","130.9","11-15 times a day","Walk","Other exercises (e.g., swimming, cycling, keep fit, bowling)",NA,NA,NA,NA,"Once a week","Between 15 and 30 minutes",NA,NA,NA,NA,"79","36","63.9","247.2","244","279","87.0","88.8","Brisk pace","15","53","99","Drink more than before",NA,NA,NA,NA,"Three or four times a week","Never","100","89","54","No","57","82","31","30","40","0","12","10","38","64","80","5",NA,NA,NA,NA,NA,NA,NA,"Sports club or gym","Less than once a month","Definitely a 'morning' person","Never/rarely","3.7","Usually","No","Never/rarely","Not easy at all","50-99","10 or less","2","82",NA,NA,NA,NA,NA,NA,NA,NA,NA,NA,"4.1",NA,"Prefer not to answer","3 to 5 hours per day","98","79","No","23","28",NA,NA,NA,"Prefer not to answer",NA,NA,"64","55","47","30","None of the above",NA,NA,"No, not at all","36","I have never smoked","Cigars, cigarillos, or little filtered cigar (e.g., Montecristo, Romeo Y Julieta, Cohiba, Davidoff, Neos red)","Prefer not to answer","53","10",NA,NA,NA,NA,NA,NA
"WN740511","Do not know","Prefer not to answer","16.7","236.4","None","Walk","Light DIY (e.g., DIY that does not require a lot of physical effort)",NA,NA,"Once a week","Between 30 minutes and 1 hour",NA,NA,NA,NA,NA,NA,"257","117","242.6","77.9","125","280","50.7","138.4","Do not know","20","30","34",NA,NA,NA,NA,NA,"Never",NA,"33","19","61","No","47","72","36","77","20","94","61","53","65","69","69","93",NA,NA,NA,NA,NA,NA,NA,"Sports club or gym; Religious group","1-3 times a month","More a 'morning' than 'evening' person","Sometimes","0.2","Never/rarely","No","Never/rarely","Fairly easy",NA,NA,NA,NA,NA,NA,NA,NA,NA,NA,NA,NA,NA,NA,NA,NA,NA,NA,NA,NA,NA,NA,NA,NA,NA,NA,NA,NA,NA,NA,NA,NA,NA,NA,NA,NA,"Prefer not to answer",NA,NA,"I have not used any of these tobacco products",NA,NA,NA,NA,NA,NA,NA,NA,NA
"LW533737","Prefer not to answer","Do not know","210.7","232.8","6-10 times a day","Mixed modes","Walking for pleasure (not as a means of transport)",NA,NA,NA,NA,NA,NA,NA,NA,"Once in the last 4 weeks","Over 3 hours","97","125","65.5","241.3","48","173","271.9","252.2","Brisk pace","57","57","72","Drink about the same",NA,NA,NA,NA,"One to three times a month","Never","13","22","12","No","98","77","27","4","51","21","61","84","96","82","33","90",NA,NA,NA,NA,NA,NA,NA,"Pub or social club","1-3 times a month","More a 'morning' than 'evening' person","Never/rarely","6.7","Sometimes","No","Sometimes","Fairly easy",NA,NA,NA,NA,NA,NA,NA,NA,NA,NA,NA,NA,NA,NA,NA,NA,NA,NA,NA,NA,NA,NA,NA,NA,NA,NA,NA,NA,NA,NA,NA,NA,NA,NA,NA,NA,"Yes, every day",NA,NA,"I have not used any of these tobacco products",NA,NA,NA,NA,NA,NA,NA,NA,NA
"ZK423240","Prefer not to answer","Prefer not to answer","39.0","12.6","1-5 times a day","Mixed modes","Walking for pleasure (not as a means of transport); Heavy DIY (e.g., DIY that requires a lot of physical effort)","2-3 times in the last 4 weeks","Between 30 minutes and 1 hour",NA,NA,NA,NA,NA,NA,"Prefer not to answer","Between 15 and 30 minutes","52","325","162.7","7.1","165","116","102.2","172.3","Steady average pace","82","85","27","Drink less than before",NA,NA,"Family/work responsibilities","Training/fitness","Three or four times a week","Usually","36","4","34","No","30","11","47","99","11","29","16","3","15","50","96","31",NA,NA,NA,NA,NA,NA,NA,"Prefer not to answer",NA,"Do not know","Never/rarely","7.4","Never/rarely","No","Sometimes","Fairly easy","50-99","50-99","82","37",NA,NA,NA,NA,NA,NA,NA,NA,NA,NA,"2.5",NA,"Most days of the week","1 to 2 hours per day","24","46","No","45","79",NA,NA,NA,"No",NA,NA,"27","74","48","72","Manufactured cigarette",NA,NA,"No, not at all","50","I have never smoked","Cigars, cigarillos, or little filtered cigar (e.g., Montecristo, Romeo Y Julieta, Cohiba, Davidoff, Neos red)","No","88","58",NA,NA,NA,NA,NA,NA
"IW497381","Do not know","Do not know","72.3","289.6","1-5 times a day","Mixed modes","Strenuous sports",NA,NA,NA,NA,NA,NA,"Once a week","Between 15 and 30 minutes",NA,NA,"276","131","277.0","43.2","170","81","86.6","243.4","Steady average pace","68","84","42","Drink about the same",NA,NA,NA,NA,"Special occasions only","Sometimes","64","98","7","No","20","44","5","63","8","75","58","49","36","74","94","62",NA,NA,NA,NA,NA,NA,NA,"Religious group","Almost daily","More a 'morning' than 'evening' person","Often","7.2","Never/rarely","No","Never/rarely","Not easy at all",NA,NA,NA,NA,NA,NA,NA,NA,NA,NA,NA,NA,NA,NA,NA,NA,NA,NA,NA,NA,NA,NA,NA,NA,NA,NA,NA,NA,NA,NA,NA,NA,NA,NA,NA,NA,"Prefer not to answer",NA,NA,"I have not used any of these tobacco products",NA,NA,NA,NA,NA,NA,NA,NA,NA
"AV350267","Do not know","Do not know","256.8","247.6","Prefer not to answer","Cycle","Prefer not to answer",NA,NA,NA,NA,NA,NA,NA,NA,NA,NA,"5","339","187.2","287.7","10","132","19.3","81.8","Slow pace","90","55","15","Drink about the same",NA,NA,NA,NA,"Special occasions only","Always","53","63","53","No","11","81","92","67","62","81","13","88","38","48","96","23",NA,NA,NA,NA,NA,NA,NA,"Prefer not to answer","2-4 times a week","More an 'evening' than a 'morning' person","Often","9.0","Never/rarely","Yes","Usually","Very easy",NA,NA,NA,NA,NA,NA,NA,NA,NA,NA,NA,NA,NA,NA,NA,NA,NA,NA,NA,NA,NA,NA,NA,NA,NA,NA,NA,NA,NA,NA,NA,NA,NA,NA,NA,NA,"Yes, some days",NA,NA,"I have not used any of these tobacco products",NA,NA,NA,NA,NA,NA,NA,NA,NA
"BY562494","Do not know","Do not know","126.2","39.1","6-10 times a day","Walk","Light DIY (e.g., DIY that does not require a lot of physical effort)",NA,NA,"2-3 times in the last 4 weeks","Between 1.5 hours and 2 hours",NA,NA,NA,NA,NA,NA,"78","357","182.9","61.6","88","247","182.0","191.4","Brisk pace","7","35","99","Drink about the same",NA,NA,NA,NA,"Once or twice a week","Usually","31","1","56","No","79","61","7","4","61","67","19","97","29","77","94","17",NA,NA,NA,NA,NA,NA,NA,"Arts/music group","1-3 times a month","More a 'morning' than 'evening' person","Never/rarely","10.5","Never/rarely","No","Never/rarely","Very easy",NA,NA,NA,NA,NA,NA,NA,NA,NA,NA,NA,NA,NA,NA,NA,NA,NA,NA,NA,NA,NA,NA,NA,NA,NA,NA,NA,NA,NA,NA,NA,NA,NA,NA,NA,NA,"No, not at all",NA,NA,"I have not used any of these tobacco products",NA,NA,NA,NA,NA,NA,NA,NA,NA
"XB737117","Do not know","Do not know","130.4","182.4","None","Car or motor vehicle","Walking for pleasure (not as a means of transport)",NA,NA,NA,NA,NA,NA,NA,NA,"Once a week","Between 1 hour and 1.5 hours","334","243","159.6","247.3","38","338","105.3","162.0","Steady average pace","24","47","1","Stopped drinking","Personal choice","Medication interaction",NA,NA,"Once or twice a week","Usually","79","59","9","No","12","82","63","90","78","48","90","86","75","0","40","43",NA,NA,NA,NA,NA,NA,NA,NA,"1-3 times a month","Definitely a 'morning' person","Never/rarely","6.6","Never/rarely","No","Never/rarely","Very easy",NA,NA,NA,NA,NA,NA,NA,NA,NA,NA,NA,NA,NA,NA,NA,NA,NA,NA,NA,NA,NA,NA,NA,NA,NA,NA,NA,NA,NA,NA,NA,NA,NA,NA,NA,NA,"Yes, some days",NA,NA,"I have not used any of these tobacco products",NA,NA,NA,NA,NA,NA,NA,NA,NA
"XP593860","Prefer not to answer","Prefer not to answer","287.8","158.2","Do not know","Mixed modes","Other exercises (e.g., swimming, cycling, keep fit, bowling)",NA,NA,NA,NA,"Once in the last 4 weeks","Between 1 hour and 1.5 hours",NA,NA,NA,NA,"203","297","57.3","155.6","200","294","239.0","137.0","Brisk pace","78","33","43","Drink about the same",NA,NA,NA,NA,"One to three times a month","Never","1","68","85","No","94","55","96","23","19","52","18","53","22","65","42","60",NA,NA,NA,NA,NA,NA,NA,"No regular group","Never","More a 'morning' than 'evening' person","Sometimes","17.3","Never/rarely","No","Sometimes","Fairly easy",NA,NA,NA,NA,NA,NA,NA,NA,NA,NA,NA,NA,NA,NA,NA,NA,NA,NA,NA,NA,NA,NA,NA,NA,NA,NA,NA,NA,NA,NA,NA,NA,NA,NA,NA,NA,"No, not at all",NA,NA,"I have not used any of these tobacco products",NA,NA,NA,NA,NA,NA,NA,NA,NA
"BN744434","Do not know","Do not know","156.8","229.1","1-5 times a day","Mixed modes","Prefer not to answer",NA,NA,NA,NA,NA,NA,NA,NA,NA,NA,"284","242","284.7","182.4","97","120","197.2","201.0","Steady average pace","36","28","21","Drink about the same",NA,NA,NA,NA,"Once or twice a week","Usually","86","62","10","No","98","51","55","47","7","58","15","85","93","63","17","8",NA,NA,NA,NA,NA,NA,NA,"Sports club or gym; Arts/music group","Once a week","More an 'evening' than a 'morning' person","Never/rarely","4.4","Sometimes","Yes","Never/rarely","Fairly easy",NA,NA,NA,NA,NA,NA,NA,NA,NA,NA,NA,NA,NA,NA,NA,NA,NA,NA,NA,NA,NA,NA,NA,NA,NA,NA,NA,NA,NA,NA,NA,NA,NA,NA,NA,NA,"No, not at all",NA,NA,"I have not used any of these tobacco products",NA,NA,NA,NA,NA,NA,NA,NA,NA
"YY331434","Prefer not to answer","Do not know","133.3","196.5","6-10 times a day","Public transport","Heavy DIY (e.g., DIY that requires a lot of physical effort)","4-5 times a week","Between 30 minutes and 1 hour",NA,NA,NA,NA,NA,NA,NA,NA,"32","14","177.7","211.2","295","252","102.6","290.0","Steady average pace","37","13","56","Drink about the same",NA,NA,NA,NA,"Daily or almost daily","Usually","60","26","20","No","76","36","66","68","72","55","98","35","97","52","64","98",NA,NA,NA,NA,NA,NA,NA,"Arts/music group","Less than once a month","Do not know","Never/rarely","12.2","Sometimes","No","Never/rarely","Fairly easy","50-99","11-49","93","65",NA,NA,NA,NA,NA,NA,NA,NA,NA,NA,"3.7",NA,"Every day","3 to 5 hours per day","68","31","No","77","31",NA,NA,NA,"No",NA,NA,"4","54","63","19","Manufactured cigarette",NA,NA,"No, not at all","81","Smoked occasionally","Chewing tobacco, snus, snuff, Gutkha, or dip (e.g., Skruf, Tulsi, Sikandar, conwood, Al Capone powder)","No","15","96",NA,NA,NA,NA,NA,NA
"KO759184","Prefer not to answer","Do not know","112.5","285.9","1-5 times a day","Walk","Other exercises (e.g., swimming, cycling, keep fit, bowling)",NA,NA,NA,NA,"Prefer not to answer","Between 15 and 30 minutes",NA,NA,NA,NA,"195","127","69.9","231.6","82","280","142.2","9.3","Slow pace","32","54","44","Drink about the same",NA,NA,NA,NA,"Once or twice a week","Sometimes","68","22","99","No","98","100","44","1","96","27","92","69","87","22","29","40",NA,NA,NA,NA,NA,NA,NA,"Sports club or gym","2-4 times a week","Definitely a 'morning' person","Never/rarely","6.5","Never/rarely","No","Never/rarely","Fairly easy",NA,NA,NA,NA,NA,NA,NA,NA,NA,NA,NA,NA,NA,NA,NA,NA,NA,NA,NA,NA,NA,NA,NA,NA,NA,NA,NA,NA,NA,NA,NA,NA,NA,NA,NA,NA,"No, not at all",NA,NA,"I have not used any of these tobacco products",NA,NA,NA,NA,NA,NA,NA,NA,NA
"NQ494679","Do not know","Prefer not to answer","213.8","290.0","6-10 times a day","Car or motor vehicle","Walking for pleasure (not as a means of transport)",NA,NA,NA,NA,NA,NA,NA,NA,"Once in the last 4 weeks","Between 1 hour and 1.5 hours","94","353","40.9","30.1","349","161","285.2","15.7","Brisk pace","81","33","75",NA,NA,NA,NA,NA,"Never",NA,"59","41","33","No","79","23","0","44","86","22","6","60","8","17","83","56",NA,NA,NA,NA,NA,NA,NA,"Sports club or gym","1-3 times a month","Definitely a 'morning' person",NA,"5.0","Sometimes","No","Sometimes","Very easy","50-99","11-49","12","50",NA,NA,NA,NA,NA,NA,NA,NA,NA,NA,"6.2",NA,"Every day","1 to 2 hours per day","11","61","No","63","56",NA,NA,NA,"No",NA,NA,"73","49","84","15","Hand-rolled cigarettes",NA,NA,"No, not at all","100","Smoked on most or all days","Shisha","No","46","37",NA,NA,NA,NA,NA,NA
"BF736075","Prefer not to answer","Do not know","73.8","251.0","1-5 times a day","Mixed modes","Prefer not to answer",NA,NA,NA,NA,NA,NA,NA,NA,NA,NA,"184","277","235.0","0.1","236","290","182.3","138.6","Steady average pace","62","0","73",NA,NA,NA,NA,NA,"Never",NA,"30","23","18","No","55","1","70","82","25","94","16","38","19","1","27","19",NA,NA,NA,NA,NA,NA,NA,"Sports club or gym; Arts/music group","2-4 times a week","More an 'evening' than a 'morning' person","Sometimes","12.4","Sometimes","Yes","Sometimes","Very easy",NA,NA,NA,NA,NA,NA,NA,NA,NA,NA,NA,NA,NA,NA,NA,NA,NA,NA,NA,NA,NA,NA,NA,NA,NA,NA,NA,NA,NA,NA,NA,NA,NA,NA,NA,NA,"No, not at all",NA,NA,"I have not used any of these tobacco products",NA,NA,NA,NA,NA,NA,NA,NA,NA
"BW458531","Prefer not to answer","Do not know","210.9","118.4","6-10 times a day","Car or motor vehicle","Light DIY (e.g., DIY that does not require a lot of physical effort)",NA,NA,"2-3 times a week","Between 1 hour and 1.5 hours",NA,NA,NA,NA,NA,NA,"330","144","292.0","144.5","266","223","21.5","130.0","Brisk pace","4","71","88","Drink about the same",NA,NA,NA,NA,"Once or twice a week","Sometimes","9","92","17","No","95","9","84","29","69","36","46","59","24","81","61","68",NA,NA,NA,NA,NA,NA,NA,NA,"Almost daily","More an 'evening' than a 'morning' person","Never/rarely","18.6","Never/rarely","Do not know","Never/rarely","Very easy","10 or less","10 or less","46","57","11",NA,"Less nowadays?",NA,"Yes","Family influence","Prefer not to answer",NA,NA,"Doctor advice","9.6",NA,"One day per week","10 to 15 hours per day","46","55","No","95","35",NA,"Other",NA,"Yes","Manufactured cigarettes","Current occasional smoker","4","3","68","29","None of the above","Manufactured cigarette",NA,"Yes, but rarely","83","Smoked occasionally","Cigars, cigarillos, or little filtered cigar (e.g., Montecristo, Romeo Y Julieta, Cohiba, Davidoff, Neos red)","No","50","63",NA,NA,NA,NA,NA,NA
"JS255836","Prefer not to answer","Prefer not to answer","61.5","276.2","1-5 times a day","Mixed modes","Prefer not to answer",NA,NA,NA,NA,NA,NA,NA,NA,NA,NA,"306","155","47.3","114.1","165","339","139.8","70.9","Steady average pace","12","56","20","Drink about the same",NA,NA,NA,NA,"One to three times a month","Usually","37","63","55","No","12","53","59","85","59","80","6","88","73","63","41","43",NA,NA,NA,NA,NA,NA,NA,"No regular group","Almost daily","More an 'evening' than a 'morning' person","Never/rarely","13.2","Never/rarely","Yes","Never/rarely","Fairly easy","or more","Prefer not to answer","93","51",NA,NA,NA,NA,NA,NA,NA,NA,NA,NA,"3.6",NA,"Every day","3 to 5 hours per day","18","87","Prefer not to answer","63","96",NA,NA,NA,"No",NA,NA,"40","13","23","17","Hand-rolled cigarettes",NA,NA,"Prefer not to answer","31","I have never smoked","Pipe","No","79","82",NA,NA,NA,NA,NA,NA
"YJ902880","Do not know","Do not know","8.7","179.2","6-10 times a day","Mixed modes","Other exercises (e.g., swimming, cycling, keep fit, bowling)",NA,NA,NA,NA,"2-3 times a week","Between 1 hour and 1.5 hours",NA,NA,NA,NA,"113","160","196.6","23.5","283","103","135.1","196.4","Fast pace","53","99","94","Drink less than before",NA,NA,"Cost reasons","Training/fitness","Once or twice a week","Sometimes","29","47","20","No","60","92","71","60","34","79","76","49","45","98","98","60",NA,NA,NA,NA,NA,NA,NA,"Pub or social club","Once a week","Definitely a 'morning' person","Never/rarely","16.0",NA,"Prefer not to answer","Never/rarely","Fairly easy",NA,NA,NA,NA,NA,NA,NA,NA,NA,NA,NA,NA,NA,NA,NA,NA,NA,NA,NA,NA,NA,NA,NA,NA,NA,NA,NA,NA,NA,NA,NA,NA,NA,NA,NA,NA,"Yes, some days",NA,NA,"I have not used any of these tobacco products",NA,NA,NA,NA,NA,NA,NA,NA,NA
"VM701348","Prefer not to answer","Do not know","117.2","9.6","6-10 times a day","Car or motor vehicle","Walking for pleasure (not as a means of transport)",NA,NA,NA,NA,NA,NA,NA,NA,"2-3 times in the last 4 weeks","Between 30 minutes and 1 hour","11","11","163.7","276.3","194","326","59.1","149.5","Steady average pace","99","36","58","Drink about the same",NA,NA,NA,NA,"One to three times a month","Sometimes","8","91","24","No","80","8","19","85","57","72","8","98","62","6","87","45",NA,NA,NA,NA,NA,NA,NA,"No regular group",NA,"Definitely a 'morning' person","Sometimes","8.5","Never/rarely","No","Never/rarely","Not easy at all",NA,NA,NA,NA,NA,NA,NA,NA,NA,NA,NA,NA,NA,NA,NA,NA,NA,NA,NA,NA,NA,NA,NA,NA,NA,NA,NA,NA,NA,NA,NA,NA,NA,NA,NA,NA,"No, not at all",NA,NA,"I have not used any of these tobacco products",NA,NA,NA,NA,NA,NA,NA,NA,NA
"EF232624","Prefer not to answer","Prefer not to answer","33.9","187.8","None","Walk","None of the above",NA,NA,NA,NA,NA,NA,NA,NA,NA,NA,"12","269","23.9","243.3","60","24","86.8","88.7","Steady average pace","76","100","7","Drink less than before",NA,NA,"Family/work responsibilities","Training/fitness","Once or twice a week","Always","97","10","4","No","84","44","17","36","99","67","94","75","45","80","11","89",NA,NA,NA,NA,NA,NA,NA,"Sports club or gym","Less than once a month","Definitely an 'evening' person","Often","17.6","Never/rarely","No","Sometimes","Not very easy","50-99","50-99","29","15","29",NA,"About the same?",NA,"Yes","Financial",NA,NA,NA,NA,"3.2",NA,"Most days of the week","3 to 5 hours per day","97","95","Yes, one household member smokes","48","16",NA,NA,NA,"Yes","Manufactured cigarettes","Current regular smoker","70","90","85","88","Prefer not to answer","Prefer not to answer",NA,"Yes, every day","55","Just tried once or twice","Cigar","Yes","64","32",NA,"Never",NA,"Nicotine e-liquid",NA,"I had stopped smoking tobacco cigarettes"
"JA782432","Do not know","Prefer not to answer","125.7","42.0","Do not know","Car or motor vehicle","Walking for pleasure (not as a means of transport)",NA,NA,NA,NA,NA,NA,NA,NA,"Once in the last 4 weeks","Do not know","27","290","297.9","124.9","200","228","192.0","242.7","Brisk pace","30","82","8","Drink about the same",NA,NA,NA,NA,"Special occasions only","Never","38","39","71","No","86","2","59","77","69","55","13","84","84","77","25","40",NA,NA,NA,NA,NA,NA,NA,"Sports club or gym","1-3 times a month","More a 'morning' than 'evening' person","Never/rarely","9.3","Sometimes","Yes",NA,"Not very easy",NA,NA,NA,NA,NA,NA,NA,NA,NA,NA,NA,NA,NA,NA,NA,NA,NA,NA,NA,NA,NA,NA,NA,NA,NA,NA,NA,NA,NA,NA,NA,NA,NA,NA,NA,NA,"No, not at all",NA,NA,"I have not used any of these tobacco products",NA,NA,NA,NA,NA,NA,NA,NA,NA
"QK614592","Prefer not to answer","Prefer not to answer","36.3","218.5","Do not know","Prefer not to answer","None of the above",NA,NA,NA,NA,NA,NA,NA,NA,NA,NA,"332","67","40.1","82.2","351","121","51.6","43.1","Brisk pace","26","13","21","Drink less than before",NA,NA,"Health reasons","Health advice","Daily or almost daily","Usually","71","61","88","No","49","94","46","82","89","11","44","63","44","87","32","82",NA,NA,NA,NA,NA,NA,NA,"Arts/music group","Once a week","Definitely an 'evening' person",NA,"17.2","Never/rarely","No","Sometimes","Very easy","Prefer not to answer","50-99","55","87","2",NA,"About the same?",NA,"No",NA,NA,NA,NA,NA,"1.5",NA,"One day per week","Less than 1 hour per day","12","76","No","44","66",NA,NA,NA,"Yes","None of the above","Current occasional smoker","72","21","61","59","Manufactured cigarette","Hand-rolled cigarettes",NA,"Yes, some days","90","Smoked occasionally","Cigarettes","No","59","81",NA,NA,NA,NA,NA,NA
"QM229090","Do not know","Prefer not to answer","287.6","204.3","None","Car or motor vehicle","Strenuous sports",NA,NA,NA,NA,NA,NA,"Once in the last 4 weeks","Between 2 and 3 hours",NA,NA,"251","252","208.3","160.0","313","242","215.8","155.4","Steady average pace","33","3","36","Drink more than before",NA,NA,NA,NA,"Daily or almost daily","Usually","54","18","11","No","56","22","26","63","55","1","59","68","18","6","28","57",NA,NA,NA,NA,NA,NA,NA,"Pub or social club","Less than once a month","More an 'evening' than a 'morning' person","Never/rarely","19.7",NA,"No","Usually","Very easy",NA,NA,NA,NA,NA,NA,NA,NA,NA,NA,NA,NA,NA,NA,NA,NA,NA,NA,NA,NA,NA,NA,NA,NA,NA,NA,NA,NA,NA,NA,NA,NA,NA,NA,NA,NA,"No, not at all",NA,NA,"I have not used any of these tobacco products",NA,NA,NA,NA,NA,NA,NA,NA,NA
"EZ984804","Do not know","Do not know","111.4","31.8","1-5 times a day","Car or motor vehicle","Prefer not to answer",NA,NA,NA,NA,NA,NA,NA,NA,NA,NA,"15","277","96.8","42.8","106","162","185.6","64.7","Steady average pace","61","53","92","Drink about the same",NA,NA,NA,NA,"Three or four times a week","Usually","26","40","62","No","69","0","37","28","73","60","74","74","52","24","52","6",NA,NA,NA,NA,NA,NA,NA,"No regular group","2-4 times a week","More a 'morning' than 'evening' person","Never/rarely","15.1","Usually","Yes","Usually","Fairly easy",NA,NA,NA,NA,NA,NA,NA,NA,NA,NA,NA,NA,NA,NA,NA,NA,NA,NA,NA,NA,NA,NA,NA,NA,NA,NA,NA,NA,NA,NA,NA,NA,NA,NA,NA,NA,"No, not at all",NA,NA,"I have not used any of these tobacco products",NA,NA,NA,NA,NA,NA,NA,NA,NA
"CZ523877","Do not know","Do not know","230.4","298.1","16-20 times a day","Car or motor vehicle","Light DIY (e.g., DIY that does not require a lot of physical effort)",NA,NA,"Once in the last 4 weeks","Over 3 hours",NA,NA,NA,NA,NA,NA,"334","75","46.2","63.3","245","2","38.1","184.6","Steady average pace","0","87","45","Drink about the same",NA,NA,NA,NA,"One to three times a month","Sometimes","82","84","56","No","37","70","85","65","93","60","100","39","63","26","66","0",NA,NA,NA,NA,NA,NA,NA,"Arts/music group; Religious group","2-4 times a week","More a 'morning' than 'evening' person","Never/rarely","17.9","Sometimes","Yes","Never/rarely","Very easy","11-49","11-49","66","22",NA,NA,NA,NA,NA,NA,NA,NA,NA,NA,"3.5",NA,"A few days per year","Less than 1 hour per day","76","83","No","67","18",NA,NA,NA,"No",NA,NA,"84","70","51","96","None of the above",NA,NA,"No, not at all","45","Smoked occasionally","Cigarettes (manufactured or hand-rolled)","No","18","100",NA,NA,NA,NA,NA,NA
"NJ134167","Prefer not to answer","Prefer not to answer","245.5","160.9","1-5 times a day","Car or motor vehicle","Other exercises (e.g., swimming, cycling, keep fit, bowling)",NA,NA,NA,NA,"Every day","Less than 15 minutes",NA,NA,NA,NA,"175","168","298.4","212.1","335","255","16.9","14.5","Steady average pace","70","36","71","Drink about the same",NA,NA,NA,NA,"One to three times a month","Never","67","24","81","No","23","52","97","76","88","32","37","93","57","50","83","40",NA,NA,NA,NA,NA,NA,NA,"No regular group","2-4 times a week","More a 'morning' than 'evening' person",NA,"15.2","Sometimes","No","Usually","Fairly easy","11-49","10 or less","68","91",NA,NA,NA,NA,NA,NA,NA,NA,NA,NA,"2.7",NA,"A few days per year","Less than 1 hour per day","51","10","No","11","72",NA,NA,NA,"Prefer not to answer",NA,NA,"28","93","74","64","Hand-rolled cigarettes",NA,NA,"No, not at all","65","Just tried once or twice","Cigars, cigarillos, or little filtered cigar (e.g., Montecristo, Romeo Y Julieta, Cohiba, Davidoff, Neos red)","No","31","26",NA,NA,NA,NA,NA,NA
"NM168233","Prefer not to answer","Do not know","297.7","8.4","1-5 times a day","Mixed modes","Other exercises (e.g., swimming, cycling, keep fit, bowling)",NA,NA,NA,NA,"Every day","Between 30 minutes and 1 hour",NA,NA,NA,NA,"2","350","259.7","101.8","59","167","87.2","199.7","Steady average pace","77","44","65","Drink about the same",NA,NA,NA,NA,"One to three times a month","Sometimes","11","0","93","No","30","2","38","20","60","95","86","27","98","45","92","76",NA,NA,NA,NA,NA,NA,NA,"No regular group","Less than once a month","More a 'morning' than 'evening' person","Never/rarely","15.6","Never/rarely","No","Never/rarely","Not easy at all",NA,NA,NA,NA,NA,NA,NA,NA,NA,NA,NA,NA,NA,NA,NA,NA,NA,NA,NA,NA,NA,NA,NA,NA,NA,NA,NA,NA,NA,NA,NA,NA,NA,NA,NA,NA,"Yes, every day",NA,NA,"I have not used any of these tobacco products",NA,NA,NA,NA,NA,NA,NA,NA,NA
"ZO958729","Do not know","Prefer not to answer","187.6","20.4","11-15 times a day","Car or motor vehicle","None of the above",NA,NA,NA,NA,NA,NA,NA,NA,NA,NA,"10","129","165.4","191.2","289","224","212.3","77.7","Fast pace","45","26","36","Drink about the same",NA,NA,NA,NA,"Three or four times a week","Usually","64","91","8","No","8","46","51","67","0","18","19","85","93","61","49","33",NA,NA,NA,NA,NA,NA,NA,"Arts/music group","Once a week","More an 'evening' than a 'morning' person","Do not know","2.7","Never/rarely","Do not know",NA,"Fairly easy","50-99","or more","83","47",NA,NA,NA,NA,NA,NA,NA,NA,NA,NA,"5.8",NA,"Prefer not to answer","1 to 2 hours per day","68","45","Yes, more than one household member smokes","17","54",NA,NA,NA,"Prefer not to answer",NA,NA,"97","87","54","20","Prefer not to answer",NA,NA,"Prefer not to answer","18","I have never smoked","Pipe","No","83","57",NA,NA,NA,NA,NA,NA
"AQ536321","Prefer not to answer","Prefer not to answer","155.0","294.0","11-15 times a day","Car or motor vehicle","None of the above",NA,NA,NA,NA,NA,NA,NA,NA,NA,NA,"343","123","22.4","64.2","108","126","274.5","193.8","Steady average pace","88","42","97",NA,NA,NA,NA,NA,"Never",NA,"59","86","63","No","79","9","96","85","84","21","27","79","50","88","25","13",NA,NA,NA,NA,NA,NA,NA,"No regular group","2-4 times a week","More an 'evening' than a 'morning' person","Never/rarely","23.6","Never/rarely","Do not know","Never/rarely","Not very easy","10 or less","11-49","100","61","19",NA,"About the same?",NA,"Yes","Family influence",NA,NA,NA,NA,"3.8",NA,"One day per week","Less than 1 hour per day","61","13","No","95","41",NA,NA,NA,"Yes","Manufactured cigarettes",NA,"24","50","95","75","Prefer not to answer",NA,NA,"No, not at all","76","Smoked on most or all days","Chewing tobacco, snus, snuff, Gutkha, or dip (e.g., Skruf, Tulsi, Sikandar, conwood, Al Capone powder)","No","14","86",NA,NA,NA,NA,NA,NA
"EO680176","Do not know","Prefer not to answer","23.2","68.3","1-5 times a day","Walk","Other exercises (e.g., swimming, cycling, keep fit, bowling)",NA,NA,NA,NA,"Once in the last 4 weeks","Between 1.5 hours and 2 hours",NA,NA,NA,NA,"220","174","169.1","203.0","15","204","49.6","89.5","Steady average pace","18","33","21",NA,NA,NA,NA,NA,"Prefer not to answer",NA,"25","1","55",NA,"32","55","94","20","93","71","2","48","35","49","64","91",NA,NA,NA,NA,NA,NA,NA,"No regular group","Almost daily","Definitely an 'evening' person","Never/rarely","18.1","Sometimes","No","Sometimes","Fairly easy",NA,NA,NA,NA,NA,NA,NA,NA,NA,NA,NA,NA,NA,NA,NA,NA,NA,NA,NA,NA,NA,NA,NA,NA,NA,NA,NA,NA,NA,NA,NA,NA,NA,NA,NA,NA,"No, not at all",NA,NA,"I have not used any of these tobacco products",NA,NA,NA,NA,NA,NA,NA,NA,NA
"CH171374","Do not know","Do not know","103.8","231.5","11-15 times a day","Car or motor vehicle","Other exercises (e.g., swimming, cycling, keep fit, bowling)",NA,NA,NA,NA,"Once in the last 4 weeks","Between 1.5 hours and 2 hours",NA,NA,NA,NA,"185","210","29.3","46.8","202","84","203.3","60.8","Steady average pace","27","65","92","Drink about the same",NA,NA,NA,NA,"One to three times a month","Usually","32","0","99","No","3","92","36","0","14","11","83","42","55","55","80","57",NA,NA,NA,NA,NA,NA,NA,"Volunteering group","Almost daily","More an 'evening' than a 'morning' person","Never/rarely","5.8","Sometimes","Yes","Sometimes","Fairly easy",NA,NA,NA,NA,NA,NA,NA,NA,NA,NA,NA,NA,NA,NA,NA,NA,NA,NA,NA,NA,NA,NA,NA,NA,NA,NA,NA,NA,NA,NA,NA,NA,NA,NA,NA,NA,"No, not at all",NA,NA,"I have not used any of these tobacco products",NA,NA,NA,NA,NA,NA,NA,NA,NA
"VD520954","Prefer not to answer","Do not know","242.6","215.9","None","Car or motor vehicle","Prefer not to answer",NA,NA,NA,NA,NA,NA,NA,NA,NA,NA,"134","361","248.7","172.3","87","232","141.6","70.5","Steady average pace","65","77","48","Drink less than before",NA,NA,"Health reasons","Health advice","One to three times a month","Never","41","98","57","No","30","37","32","62","60","69","28","17","25","8","51","73",NA,NA,NA,NA,NA,NA,NA,"Arts/music group","Never","More an 'evening' than a 'morning' person","Never/rarely","17.3","Sometimes","No","Usually","Very easy","or more","11-49","49","1",NA,NA,NA,NA,NA,NA,NA,NA,NA,NA,"1",NA,"One day per month","Less than 1 hour per day","95","78","Yes, one household member smokes","82","85",NA,NA,NA,"No",NA,NA,"71","97","89","11","Hand-rolled cigarettes",NA,NA,"No, not at all","72","I have never smoked","Cigars, cigarillos, or little filtered cigar (e.g., Montecristo, Romeo Y Julieta, Cohiba, Davidoff, Neos red)","No","42","89",NA,NA,NA,NA,NA,NA
"ZF591458","Prefer not to answer","Do not know","76.7","123.0","16-20 times a day","Walk","Other exercises (e.g., swimming, cycling, keep fit, bowling)",NA,NA,NA,NA,"2-3 times a week","Between 1 hour and 1.5 hours",NA,NA,NA,NA,"364","318","285.5","129.2","346","86","241.3","176.6","Steady average pace","95","0","42","Drink more than before",NA,NA,NA,NA,"Three or four times a week","Sometimes","47","71","13","No","34","94","18","76","21","47","59","79","7","7","86","64",NA,NA,NA,NA,NA,NA,NA,"No regular group",NA,NA,"Sometimes","10.2",NA,"No","Sometimes","Prefer not to answer",NA,NA,NA,NA,NA,NA,NA,NA,NA,NA,NA,NA,NA,NA,NA,NA,NA,NA,NA,NA,NA,NA,NA,NA,NA,NA,NA,NA,NA,NA,NA,NA,NA,NA,NA,NA,"No, not at all",NA,NA,"I have not used any of these tobacco products",NA,NA,NA,NA,NA,NA,NA,NA,NA
"MJ197968","11-15 times a day","16-20 times a day",NA,NA,"6-10 times a day","Mixed modes","Other exercises (e.g., swimming, cycling, keep fit, bowling)",NA,NA,NA,NA,"2-3 times a week","Between 1 hour and 1.5 hours",NA,NA,NA,NA,NA,NA,NA,NA,"57","17",NA,NA,"Do not know","100","29","0","Drink about the same",NA,NA,NA,NA,"Special occasions only","Sometimes","80","1","47","No","66","0","73","22","53","25","84","46","19","69","38","65","23.4","18.0","22.2","7.3","2.3","13.3","10.8","Pub or social club","Once a week",NA,NA,"6.6",NA,NA,NA,NA,NA,NA,NA,NA,NA,NA,NA,NA,NA,NA,NA,NA,NA,NA,NA,NA,NA,NA,NA,NA,NA,NA,NA,NA,NA,NA,NA,NA,NA,NA,NA,NA,NA,NA,NA,"No, not at all",NA,NA,NA,NA,NA,NA,NA,NA,NA,NA,NA,NA,NA
"KT278602","Prefer not to answer","Prefer not to answer","165.0","60.6","1-5 times a day","Prefer not to answer","Other exercises (e.g., swimming, cycling, keep fit, bowling)",NA,NA,NA,NA,"4-5 times a week","Between 1.5 hours and 2 hours",NA,NA,NA,NA,"38","15","49.6","296.1","226","314","185.4","191.5","Brisk pace","58","15","66","Drink about the same",NA,NA,NA,NA,"Special occasions only","Usually","53","94","3","No","25","56","18","93","61","76","98","40","38","42","67","46",NA,NA,NA,NA,NA,NA,NA,"No regular group","Once a week","More a 'morning' than 'evening' person","Sometimes","8.6","Never/rarely","No","Sometimes","Not very easy",NA,NA,NA,NA,NA,NA,NA,NA,NA,NA,NA,NA,NA,NA,NA,NA,NA,NA,NA,NA,NA,NA,NA,NA,NA,NA,NA,NA,NA,NA,NA,NA,NA,NA,NA,NA,"No, not at all",NA,NA,"I have not used any of these tobacco products",NA,NA,NA,NA,NA,NA,NA,NA,NA
"TX719300","Do not know","Do not know","195.4","124.1","1-5 times a day","Walk","None of the above",NA,NA,NA,NA,NA,NA,NA,NA,NA,NA,"55","37","82.5","212.8","57","333","293.0","251.9","Steady average pace","25","87","72","Drink less than before",NA,NA,"Family/work responsibilities","Health advice","Daily or almost daily","Sometimes","12","20","40","No","32","78","8","85","72","46","91","81","67","75","28","51",NA,NA,NA,NA,NA,NA,NA,"Pub or social club","1-3 times a month","Definitely an 'evening' person","Often","5.2","Never/rarely","No","Never/rarely",NA,"50-99","10 or less","36","33",NA,NA,NA,NA,NA,NA,NA,NA,NA,NA,"4.7",NA,"Every day","6 to 9 hours per day","65","18","Do not know","72","68",NA,NA,NA,"No",NA,NA,"50","70","14","63","Manufactured cigarette",NA,NA,"No, not at all","86","I have never smoked","Tobacco pipe","No","44","40",NA,NA,NA,NA,NA,NA
"ZY454016","Do not know","Do not know","179.6","39.2","1-5 times a day","Mixed modes","Heavy DIY (e.g., DIY that requires a lot of physical effort)","4-5 times a week","Between 1 hour and 1.5 hours",NA,NA,NA,NA,NA,NA,NA,NA,"170","84","112.8","85.0","85","235","36.1","229.9","Steady average pace","53","18","11",NA,NA,NA,NA,NA,"Prefer not to answer",NA,"92","3","27",NA,"94","20","9","12","74","25","9","73","26","100","38","14",NA,NA,NA,NA,NA,NA,NA,"Sports club or gym; Religious group","Once a week","Definitely a 'morning' person",NA,"19.9","Sometimes","No","Usually","Not very easy","10 or less","10 or less","21","5",NA,NA,NA,NA,NA,NA,NA,NA,NA,NA,"4",NA,"Every day","3 to 5 hours per day","11","14","No","48","65",NA,NA,NA,"No",NA,NA,"27","80","22","30","None of the above",NA,NA,"No, not at all","71","I have never smoked","Cigars, cigarillos, or little filtered cigar (e.g., Montecristo, Romeo Y Julieta, Cohiba, Davidoff, Neos red)","Yes","67","28",NA,"Never",NA,"Nicotine e-liquid",NA,"I had stopped smoking tobacco cigarettes"
"QX268013","Do not know","Prefer not to answer","152.5","72.0","1-5 times a day","Car or motor vehicle","Light DIY (e.g., DIY that does not require a lot of physical effort)",NA,NA,"4-5 times a week","Between 30 minutes and 1 hour",NA,NA,NA,NA,NA,NA,"40","168","188.0","63.9","362","278","163.1","228.3","Steady average pace","28","25","59","Drink more than before",NA,NA,NA,NA,"One to three times a month","Sometimes","53","8","73","No","51","42","62","69","40","72","70","14","85","35","65","98",NA,NA,NA,NA,NA,NA,NA,"Sports club or gym","2-4 times a week","More a 'morning' than 'evening' person","Sometimes","5.1","Never/rarely","No","Never/rarely","Fairly easy","Prefer not to answer","50-99","67","3","3",NA,"About the same?",NA,"Prefer not to answer",NA,NA,NA,NA,NA,NA,NA,"Never","1 to 2 hours per day","88","69","Do not know","53","41",NA,NA,NA,"Yes","Cigars or pipes","Current occasional smoker","69","90","24","20","None of the above","Hand-rolled cigarettes",NA,"Yes, but rarely","49","Smoked on most or all days","Tobacco pipe","No","51","15",NA,NA,NA,NA,NA,NA
"TP449455","Do not know","Do not know","285.3","26.7","11-15 times a day","Mixed modes","Walking for pleasure (not as a means of transport)",NA,NA,NA,NA,NA,NA,NA,NA,"2-3 times in the last 4 weeks","Less than 15 minutes","37","45","295.1","0.4","286","140","140.5","254.1","Brisk pace","70","56","18","Drink less than before",NA,NA,"Health reasons","Other","Three or four times a week","Sometimes","19","89","35","No","7","93","61","37","70","30","25","7","12","0","15","20",NA,NA,NA,NA,NA,NA,NA,"Pub or social club","Almost daily","More an 'evening' than a 'morning' person","Sometimes","16.9","Sometimes","Yes","Never/rarely","Not very easy","or more","11-49","43","81",NA,NA,NA,NA,NA,NA,NA,NA,NA,NA,"0.6",NA,"Every day","1 to 2 hours per day","35","97","No","85","73",NA,NA,NA,"Prefer not to answer",NA,NA,"81","44","37","69","Hand-rolled cigarettes",NA,NA,"No, not at all","96","Smoked occasionally","Tobacco pipe","Yes","97","12",NA,"1-4 times /day",NA,"Non-nicotine e-liquid",NA,"I was a current smoker of tobacco cigarettes and had no plans to quit"
"DL751290","Do not know","Do not know","274.8","179.5","More than 20 times a day","Car or motor vehicle","None of the above",NA,NA,NA,NA,NA,NA,NA,NA,NA,NA,"266","241","20.3","219.8","154","48","65.9","160.0","Brisk pace","20","49","18","Drink about the same",NA,NA,NA,NA,"Daily or almost daily","Sometimes","23","91","72","No","58","76","100","27","92","76","65","88","14","34","81","51",NA,NA,NA,NA,NA,NA,NA,"Sports club or gym","Once a week","Definitely an 'evening' person","Prefer not to answer","23.6",NA,"No","Sometimes","Very easy","50-99","50-99","99","71","24",NA,"Less nowadays?",NA,"Yes","Health","No",NA,NA,"Illness",NA,NA,"Never","3 to 5 hours per day","81","99","No","10","91",NA,"Health reasons",NA,"Yes","Manufactured cigarettes",NA,"66","34","31","77","Prefer not to answer",NA,NA,"Prefer not to answer","93","Smoked on most or all days","Cigarettes","No","68","28",NA,NA,NA,NA,NA,NA
"TP559734","Prefer not to answer","Prefer not to answer","22.3","105.2","6-10 times a day","Car or motor vehicle","Light DIY (e.g., DIY that does not require a lot of physical effort); Walking for pleasure (not as a means of transport)",NA,NA,"2-3 times a week","Between 30 minutes and 1 hour",NA,NA,NA,NA,"Once a week","Between 15 and 30 minutes","31","98","2.5","65.0","310","283","139.2","164.2","Steady average pace","0","14","67","Drink more than before",NA,NA,NA,NA,"One to three times a month","Always","91","85","22","No","71","25","6","35","42","32","18","87","64","58","25","46",NA,NA,NA,NA,NA,NA,NA,"No regular group","2-4 times a week",NA,"Sometimes","1.7","Sometimes","No","Sometimes","Fairly easy","10 or less","50-99","54","36","7",NA,"About the same?",NA,"Yes","Family influence",NA,NA,NA,NA,"5.8",NA,"Every day","Less than 1 hour per day","31","10","Yes, more than one household member smokes","70","22",NA,NA,NA,"Yes","Manufactured cigarettes",NA,"89","91","44","16","Hand-rolled cigarettes",NA,NA,"No, not at all","94","Smoked on most or all days","Prefer not to answer","Prefer not to answer","11","80",NA,NA,NA,NA,NA,NA
"KS483240","Prefer not to answer","Prefer not to answer","170.3","49.9","More than 20 times a day","Mixed modes","Other exercises (e.g., swimming, cycling, keep fit, bowling)",NA,NA,NA,NA,"Once in the last 4 weeks","Between 30 minutes and 1 hour",NA,NA,NA,NA,"363","348","151.1","142.7","8","50","195.0","97.8","Steady average pace","67","54","9","Drink about the same",NA,NA,NA,NA,"Special occasions only","Usually","0","86","18","No","57","34","26","80","57","48","18","46","13","86","23","88",NA,NA,NA,NA,NA,NA,NA,"Sports club or gym","2-4 times a week","More an 'evening' than a 'morning' person","Never/rarely","8.5","Never/rarely","No","Usually","Fairly easy",NA,NA,NA,NA,NA,NA,NA,NA,NA,NA,NA,NA,NA,NA,NA,NA,NA,NA,NA,NA,NA,NA,NA,NA,NA,NA,NA,NA,NA,NA,NA,NA,NA,NA,NA,NA,"No, not at all",NA,NA,"I have not used any of these tobacco products",NA,NA,NA,NA,NA,NA,NA,NA,NA
"QC257409","Do not know","Do not know","266.8","73.7","11-15 times a day","Mixed modes","Walking for pleasure (not as a means of transport)",NA,NA,NA,NA,NA,NA,NA,NA,"2-3 times in the last 4 weeks","Between 15 and 30 minutes","110","286","30.0","8.1","340","13","182.9","38.9","Do not know","80","18","53","Drink less than before",NA,NA,"Cost reasons","Other","One to three times a month","Never","48","59","12","No","26","82","56","76","2","70","14","35","16","12","93","27",NA,NA,NA,NA,NA,NA,NA,"Volunteering group","2-4 times a week","Definitely a 'morning' person","Sometimes","5.3","Never/rarely","Yes","Sometimes","Not very easy",NA,NA,NA,NA,NA,NA,NA,NA,NA,NA,NA,NA,NA,NA,NA,NA,NA,NA,NA,NA,NA,NA,NA,NA,NA,NA,NA,NA,NA,NA,NA,NA,NA,NA,NA,NA,"Yes, every day",NA,NA,"I have not used any of these tobacco products",NA,NA,NA,NA,NA,NA,NA,NA,NA
"IX471169","Prefer not to answer","Do not know","12.9","34.2","6-10 times a day","Mixed modes","Prefer not to answer",NA,NA,NA,NA,NA,NA,NA,NA,NA,NA,"100","75","193.7","93.2","287","269","156.8","203.7","Slow pace","9","58","87","Drink about the same",NA,NA,NA,NA,"Three or four times a week","Usually","18","79","4","No","30","70","77","60","32","39","5","30","74","100","59","81",NA,NA,NA,NA,NA,NA,NA,"Sports club or gym","Less than once a month","More a 'morning' than 'evening' person","Sometimes","4.8","Never/rarely","Yes","Never/rarely","Fairly easy","10 or less","50-99","97","78",NA,NA,NA,NA,NA,NA,NA,NA,NA,NA,NA,NA,"Never","Less than 1 hour per day","66","49","No","26","18",NA,NA,NA,"No",NA,NA,"82","39","43","97","Hand-rolled cigarettes",NA,NA,"No, not at all","18","I have never smoked","Tobacco pipe","No","14","47",NA,NA,NA,NA,NA,NA
"QU676605","Do not know","Do not know","281.5","215.7","11-15 times a day","Walk","Strenuous sports; Light DIY (e.g., DIY that does not require a lot of physical effort)",NA,NA,"2-3 times a week","Between 15 and 30 minutes",NA,NA,"Do not know","Between 15 and 30 minutes",NA,NA,"157","27","274.1","58.5","280","83","48.6","86.9","Brisk pace","43","65","11",NA,NA,NA,NA,NA,"Never",NA,"9","17","68","No","79","62","26","39","92","46","45","14","85","96","58","82",NA,NA,NA,NA,NA,NA,NA,"Pub or social club","1-3 times a month",NA,"Never/rarely","19.9","Sometimes","No","Never/rarely","Not very easy",NA,NA,NA,NA,NA,NA,NA,NA,NA,NA,NA,NA,NA,NA,NA,NA,NA,NA,NA,NA,NA,NA,NA,NA,NA,NA,NA,NA,NA,NA,NA,NA,NA,NA,NA,NA,"No, not at all",NA,NA,"I have not used any of these tobacco products",NA,NA,NA,NA,NA,NA,NA,NA,NA
"MG640964","Do not know","Prefer not to answer","174.5","45.4","1-5 times a day","Cycle","Strenuous sports",NA,NA,NA,NA,NA,NA,"2-3 times in the last 4 weeks","Between 1.5 hours and 2 hours",NA,NA,"293","259","50.2","297.1","254","155","37.1","144.8","Steady average pace","17","0","39",NA,NA,NA,NA,NA,"Never",NA,"96","19","77","Prefer not to answer","41","58","31","33","19","3","18","49","73","73","93","12",NA,NA,NA,NA,NA,NA,NA,"Prefer not to answer","Once a week","More a 'morning' than 'evening' person","Sometimes","0.9","Prefer not to answer","Do not know","Never/rarely",NA,NA,NA,NA,NA,NA,NA,NA,NA,NA,NA,NA,NA,NA,NA,NA,NA,NA,NA,NA,NA,NA,NA,NA,NA,NA,NA,NA,NA,NA,NA,NA,NA,NA,NA,NA,NA,"Yes, every day",NA,NA,"I have not used any of these tobacco products",NA,NA,NA,NA,NA,NA,NA,NA,NA
"QC161675","Prefer not to answer","Prefer not to answer","264.5","196.5","1-5 times a day","Mixed modes","Walking for pleasure (not as a means of transport)",NA,NA,NA,NA,NA,NA,NA,NA,"2-3 times a week","Less than 15 minutes","149","301","297.5","235.8","341","95","172.8","101.3","Brisk pace","72","92","89","Drink less than before",NA,NA,"Cost reasons","Other","Special occasions only","Usually","88","57","29","No","71","47","30","16","6","74","16","71","30","12","61","54",NA,NA,NA,NA,NA,NA,NA,"Arts/music group","Less than once a month","More a 'morning' than 'evening' person","Never/rarely","7.8","Usually","No","Usually","Very easy",NA,NA,NA,NA,NA,NA,NA,NA,NA,NA,NA,NA,NA,NA,NA,NA,NA,NA,NA,NA,NA,NA,NA,NA,NA,NA,NA,NA,NA,NA,NA,NA,NA,NA,NA,NA,"Yes, every day",NA,NA,"I have not used any of these tobacco products",NA,NA,NA,NA,NA,NA,NA,NA,NA
"TJ300035","Do not know","Do not know","213.3","43.0","16-20 times a day","Car or motor vehicle","None of the above",NA,NA,NA,NA,NA,NA,NA,NA,NA,NA,"74","228","141.0","87.1","138","225","256.8","46.4","Brisk pace","44","12","24","Drink about the same",NA,NA,NA,NA,"Never",NA,"91","84","9","Yes","90","74","80","14","81","56","80","34","91","53","23","93",NA,NA,NA,NA,NA,NA,NA,"No regular group","1-3 times a month","More an 'evening' than a 'morning' person","Never/rarely","8.3","Sometimes","No","Never/rarely","Fairly easy","50-99","11-49","12","67",NA,NA,NA,NA,NA,NA,NA,NA,NA,NA,NA,NA,"Never","1 to 2 hours per day","26","66","Yes, one household member smokes","43","49",NA,NA,NA,"No",NA,NA,"28","6","16","22","None of the above",NA,NA,"No, not at all","68","Smoked occasionally","Chewing tobacco, snus, snuff, Gutkha, or dip (e.g., Skruf, Tulsi, Sikandar, conwood, Al Capone powder)","Prefer not to answer","96","54",NA,NA,NA,NA,NA,NA
"AU480513","Prefer not to answer","Do not know","257.0","20.3","1-5 times a day","Car or motor vehicle","Light DIY (e.g., DIY that does not require a lot of physical effort)",NA,NA,"2-3 times a week","Between 1.5 hours and 2 hours",NA,NA,NA,NA,NA,NA,"220","14","130.0","78.5","40","308","66.6","92.4","Steady average pace","12","79","53","Drink about the same",NA,NA,NA,NA,"Once or twice a week","Sometimes","90","52","59","No","72","85","1","61","16","40","11","65","97","58","21","59",NA,NA,NA,NA,NA,NA,NA,"Sports club or gym","1-3 times a month","Definitely an 'evening' person","Never/rarely","14.0","Never/rarely","No","Sometimes","Fairly easy",NA,NA,NA,NA,NA,NA,NA,NA,NA,NA,NA,NA,NA,NA,NA,NA,NA,NA,NA,NA,NA,NA,NA,NA,NA,NA,NA,NA,NA,NA,NA,NA,NA,NA,NA,NA,"Yes, some days",NA,NA,"I have not used any of these tobacco products",NA,NA,NA,NA,NA,NA,NA,NA,NA
"QJ251025","Prefer not to answer","Prefer not to answer","72.2","71.1","1-5 times a day","Cycle","None of the above",NA,NA,NA,NA,NA,NA,NA,NA,NA,NA,"313","119","293.1","215.0","170","284","134.2","81.6","Steady average pace","16","73","90","Drink more than before",NA,NA,NA,NA,"Once or twice a week","Never","55","29","33","No","32","56","14","24","76","53","79","36","73","99","60","48",NA,NA,NA,NA,NA,NA,NA,NA,"2-4 times a week","Definitely a 'morning' person","Never/rarely","17.1","Sometimes","No","Never/rarely","Very easy",NA,NA,NA,NA,NA,NA,NA,NA,NA,NA,NA,NA,NA,NA,NA,NA,NA,NA,NA,NA,NA,NA,NA,NA,NA,NA,NA,NA,NA,NA,NA,NA,NA,NA,NA,NA,"No, not at all",NA,NA,"I have not used any of these tobacco products",NA,NA,NA,NA,NA,NA,NA,NA,NA
"AG953776","Prefer not to answer","Prefer not to answer","39.5","292.0","1-5 times a day","Car or motor vehicle","Strenuous sports",NA,NA,NA,NA,NA,NA,"Prefer not to answer","Between 30 minutes and 1 hour",NA,NA,"43","237","173.6","121.8","144","354","124.1","292.6","Steady average pace","66","53","95","Drink about the same",NA,NA,NA,NA,"Special occasions only","Usually","92","2","71","No","26","23","81","24","44","77","41","10","67","52","82","1",NA,NA,NA,NA,NA,NA,NA,"No regular group","2-4 times a week","More a 'morning' than 'evening' person","Never/rarely","17.2","Sometimes","No","Never/rarely","Fairly easy","50-99","11-49","39","61",NA,NA,NA,NA,NA,NA,NA,NA,NA,NA,"3.2",NA,"One day per month","6 to 9 hours per day","100","64","No","86","70",NA,NA,NA,"Prefer not to answer",NA,NA,"59","38","31","65","Hand-rolled cigarettes",NA,NA,"No, not at all","90","Smoked on most or all days","Cigars, cigarillos, or little filtered cigar (e.g., Montecristo, Romeo Y Julieta, Cohiba, Davidoff, Neos red)","No","26","90",NA,NA,NA,NA,NA,NA
"BS560785","Prefer not to answer","Prefer not to answer","29.1","284.7","6-10 times a day","Walk","None of the above",NA,NA,NA,NA,NA,NA,NA,NA,NA,NA,"176","358","87.3","149.4","242","307","115.4","168.6","Prefer not to answer","61","42","39","Drink less than before",NA,NA,"Health reasons","Health advice","One to three times a month","Sometimes","2","54","35","No","45","1","8","83","100","65","9","28","64","98","65","4",NA,NA,NA,NA,NA,NA,NA,"Prefer not to answer","1-3 times a month","More a 'morning' than 'evening' person","Never/rarely","18.6","Sometimes","No","Sometimes","Not easy at all",NA,NA,NA,NA,NA,NA,NA,NA,NA,NA,NA,NA,NA,NA,NA,NA,NA,NA,NA,NA,NA,NA,NA,NA,NA,NA,NA,NA,NA,NA,NA,NA,NA,NA,NA,NA,"No, not at all",NA,NA,"I have not used any of these tobacco products",NA,NA,NA,NA,NA,NA,NA,NA,NA
"HM925546","Do not know","Prefer not to answer","177.3","163.8","6-10 times a day","Mixed modes","Walking for pleasure (not as a means of transport)",NA,NA,NA,NA,NA,NA,NA,NA,"Once a week","Between 30 minutes and 1 hour","206","300","86.2","43.2","319","356","31.8","156.1","Slow pace","68","55","21",NA,NA,NA,NA,NA,"Never",NA,"6","20","3","No","2","20","47","43","41","20","96","88","96","76","50","14",NA,NA,NA,NA,NA,NA,NA,"No regular group","2-4 times a week","More a 'morning' than 'evening' person","Never/rarely","12.9","Usually","No","Sometimes","Fairly easy","50-99","11-49","63","1",NA,NA,NA,NA,NA,NA,NA,NA,NA,NA,NA,NA,"Never","Less than 1 hour per day","74","83","No","83","23",NA,NA,NA,"No",NA,NA,"33","71","13","81","None of the above",NA,NA,"No, not at all","31","I have never smoked","Smokeless tobacco","No","62","41",NA,NA,NA,NA,NA,NA
"PJ623430","Do not know","Do not know","225.0","147.0","6-10 times a day","Cycle","Light DIY (e.g., DIY that does not require a lot of physical effort)",NA,NA,"2-3 times in the last 4 weeks","Do not know",NA,NA,NA,NA,NA,NA,"305","263","254.3","174.1","42","279","48.6","238.4","Steady average pace","45","72","10","Drink more than before",NA,NA,NA,NA,"One to three times a month","Sometimes","67","55","31","No","26","66","50","57","90","65","3","76","87","58","63","37",NA,NA,NA,NA,NA,NA,NA,"Pub or social club","1-3 times a month","Definitely an 'evening' person","Never/rarely","9.1","Never/rarely","Yes","Never/rarely","Not very easy","or more","Prefer not to answer","60","57","4",NA,"Less nowadays?",NA,"No",NA,"Prefer not to answer",NA,NA,"Illness","2.7",NA,"Every day","1 to 2 hours per day","58","71","No","99","92",NA,"Health reasons",NA,"Yes","Hand-rolled cigarettes",NA,"16","7","78","59","Prefer not to answer",NA,NA,"No, not at all","79","Smoked on most or all days","Cigar","No","91","46",NA,NA,NA,NA,NA,NA
"CW401971","Do not know","Do not know","231.2","153.9","1-5 times a day","Mixed modes","Walking for pleasure (not as a means of transport)",NA,NA,NA,NA,NA,NA,NA,NA,"2-3 times a week","Between 15 and 30 minutes","161","236","182.9","125.0","0","356","141.3","284.0","Prefer not to answer","21","57","89","Stopped drinking","Health reasons","Medication interaction",NA,NA,"Once or twice a week","Usually","82","94","81","No","94","95","20","100","48","43","81","63","42","73","61","8",NA,NA,NA,NA,NA,NA,NA,"No regular group","2-4 times a week","Definitely a 'morning' person","Never/rarely","19.3","Never/rarely","No",NA,"Very easy",NA,NA,NA,NA,NA,NA,NA,NA,NA,NA,NA,NA,NA,NA,NA,NA,NA,NA,NA,NA,NA,NA,NA,NA,NA,NA,NA,NA,NA,NA,NA,NA,NA,NA,NA,NA,"Yes, but rarely",NA,NA,"I have not used any of these tobacco products",NA,NA,NA,NA,NA,NA,NA,NA,NA
"EN877973","Prefer not to answer","Do not know","45.7","261.0","16-20 times a day","Car or motor vehicle","Light DIY (e.g., DIY that does not require a lot of physical effort)",NA,NA,"Once a week","Between 1 hour and 1.5 hours",NA,NA,NA,NA,NA,NA,"128","27","117.8","94.7","321","302","215.6","65.7","Brisk pace","62","2","92","Drink about the same",NA,NA,NA,NA,"Three or four times a week","Usually","32","57","19","No","36","96","69","25","79","42","73","73","26","93","53","81",NA,NA,NA,NA,NA,NA,NA,"Pub or social club","1-3 times a month","Definitely an 'evening' person","Never/rarely","18.7","Never/rarely","Yes","Never/rarely","Fairly easy",NA,NA,NA,NA,NA,NA,NA,NA,NA,NA,NA,NA,NA,NA,NA,NA,NA,NA,NA,NA,NA,NA,NA,NA,NA,NA,NA,NA,NA,NA,NA,NA,NA,NA,NA,NA,"No, not at all",NA,NA,"I have not used any of these tobacco products",NA,NA,NA,NA,NA,NA,NA,NA,NA
"MX938806","Do not know","Prefer not to answer","185.5","249.2","11-15 times a day","Car or motor vehicle","None of the above",NA,NA,NA,NA,NA,NA,NA,NA,NA,NA,"236","46","129.5","145.4","82","133","152.2","204.4","Slow pace","26","75","99",NA,NA,NA,NA,NA,"Never",NA,"40","84","35","No","19","88","64","9","28","52","15","28","22","43","29","62",NA,NA,NA,NA,NA,NA,NA,"Prefer not to answer","Once a week","More a 'morning' than 'evening' person","Sometimes","12.5","Sometimes","Yes","Sometimes","Fairly easy","10 or less","or more","82","68",NA,NA,NA,NA,NA,NA,NA,NA,NA,NA,NA,NA,"Never","1 to 2 hours per day","29","31","Yes, one household member smokes","12","79",NA,NA,NA,"No",NA,NA,"96","63","79","73","Hand-rolled cigarettes",NA,NA,"No, not at all","22","Smoked occasionally","Chewing tobacco, snus, snuff, Gutkha, or dip (e.g., Skruf, Tulsi, Sikandar, conwood, Al Capone powder)","No","60","50",NA,NA,NA,NA,NA,NA
"LX575552","Prefer not to answer","Do not know","214.7","117.5","1-5 times a day","Car or motor vehicle","Walking for pleasure (not as a means of transport); Strenuous sports",NA,NA,NA,NA,NA,NA,"4-5 times a week","Less than 15 minutes","4-5 times a week","Between 1 hour and 1.5 hours","306","101","249.2","32.0","188","29","180.2","109.3","Slow pace","52","79","28","Stopped drinking","Other","Medical condition",NA,NA,"One to three times a month","Usually","80","79","99","No","64","9","9","5","50","33","12","16","77","63","18","46",NA,NA,NA,NA,NA,NA,NA,"Sports club or gym","Never","Definitely an 'evening' person","Often","23.8","Never/rarely","No","Sometimes","Fairly easy",NA,NA,NA,NA,NA,NA,NA,NA,NA,NA,NA,NA,NA,NA,NA,NA,NA,NA,NA,NA,NA,NA,NA,NA,NA,NA,NA,NA,NA,NA,NA,NA,NA,NA,NA,NA,"Prefer not to answer",NA,NA,"I have not used any of these tobacco products",NA,NA,NA,NA,NA,NA,NA,NA,NA
"AK875287","Slow pace","None of the above",NA,NA,"1-5 times a day","Walk","Other exercises (e.g., swimming, cycling, keep fit, bowling); Strenuous sports",NA,NA,NA,NA,"2-3 times a week","Between 30 minutes and 1 hour","Once in the last 4 weeks","Between 30 minutes and 1 hour",NA,NA,NA,NA,NA,NA,"112","229",NA,NA,"Steady average pace","55","11","53","Drink about the same",NA,NA,NA,NA,"Once or twice a week","Sometimes","54","58","17","No","7","0","14","81","39","46","8","98","80","56","7","61","8.1","17.8","0.9","4.3","3.7","8.2","23.4","Volunteering group","Less than once a month",NA,NA,"15.0",NA,NA,NA,NA,NA,NA,NA,NA,NA,NA,NA,NA,NA,NA,NA,NA,NA,NA,NA,NA,NA,NA,NA,NA,NA,NA,NA,NA,NA,NA,NA,NA,NA,NA,NA,NA,NA,NA,NA,"No, not at all",NA,NA,NA,NA,NA,NA,NA,NA,NA,NA,NA,NA,NA
"SM272879","Prefer not to answer","Prefer not to answer","122.2","236.3","None","Car or motor vehicle","Other exercises (e.g., swimming, cycling, keep fit, bowling)",NA,NA,NA,NA,"2-3 times in the last 4 weeks","Between 30 minutes and 1 hour",NA,NA,NA,NA,"348","4","56.8","141.4","345","342","59.8","38.9","Steady average pace","50","26","31","Drink less than before",NA,NA,"Health reasons","Medication interaction","Once or twice a week","Always","55","1","15","No","53","15","33","52","34","83","47","16","38","84","72","100",NA,NA,NA,NA,NA,NA,NA,"Religious group","Almost daily","Definitely a 'morning' person","Sometimes","6.0","Sometimes","No","Sometimes","Very easy","or more","Prefer not to answer","34","48",NA,NA,NA,NA,NA,NA,NA,NA,NA,NA,"3.1",NA,"Prefer not to answer","Less than 1 hour per day","38","85","No","37","38",NA,NA,NA,"No",NA,NA,"96","86","87","15","Prefer not to answer",NA,NA,"Prefer not to answer","12","I have never smoked","Shisha, hookah or water pipe","No","50","47",NA,NA,NA,NA,NA,NA
"EC596883","Do not know","Do not know","116.9","13.3","More than 20 times a day","Car or motor vehicle","Heavy DIY (e.g., DIY that requires a lot of physical effort)","Once in the last 4 weeks","Between 30 minutes and 1 hour",NA,NA,NA,NA,NA,NA,NA,NA,"175","194","290.0","51.3","49","40","4.2","266.5","Steady average pace","12","30","63","Drink more than before",NA,NA,NA,NA,"Special occasions only","Sometimes","68","12","77","No","10","39","80","76","75","36","85","37","80","89","46","66",NA,NA,NA,NA,NA,NA,NA,"No regular group",NA,"Definitely a 'morning' person","Never/rarely","10.9","Never/rarely","Yes","Never/rarely","Very easy",NA,NA,NA,NA,NA,NA,NA,NA,NA,NA,NA,NA,NA,NA,NA,NA,NA,NA,NA,NA,NA,NA,NA,NA,NA,NA,NA,NA,NA,NA,NA,NA,NA,NA,NA,NA,"No, not at all",NA,NA,"I have not used any of these tobacco products",NA,NA,NA,NA,NA,NA,NA,NA,NA
"OJ220692","Prefer not to answer","Do not know","213.6","240.8","6-10 times a day","Mixed modes","Other exercises (e.g., swimming, cycling, keep fit, bowling)",NA,NA,NA,NA,"Once a week","Between 1.5 hours and 2 hours",NA,NA,NA,NA,"152","178","48.4","244.3","214","268","145.8","62.5","Steady average pace","11","6","36","Drink about the same",NA,NA,NA,NA,"Once or twice a week","Sometimes","37","33","22","No","38","2","76","47","92","20","72","20","26","4","46","87",NA,NA,NA,NA,NA,NA,NA,"Sports club or gym; Religious group","1-3 times a month","More a 'morning' than 'evening' person","Prefer not to answer","11.9","Never/rarely",NA,"Prefer not to answer","Not easy at all",NA,NA,NA,NA,NA,NA,NA,NA,NA,NA,NA,NA,NA,NA,NA,NA,NA,NA,NA,NA,NA,NA,NA,NA,NA,NA,NA,NA,NA,NA,NA,NA,NA,NA,NA,NA,"No, not at all",NA,NA,"I have not used any of these tobacco products",NA,NA,NA,NA,NA,NA,NA,NA,NA
"XS740457","Prefer not to answer","Prefer not to answer","288.1","99.2","6-10 times a day","Mixed modes","Other exercises (e.g., swimming, cycling, keep fit, bowling)",NA,NA,NA,NA,"Once in the last 4 weeks","Between 15 and 30 minutes",NA,NA,NA,NA,"153","354","237.6","11.0","246","192","119.5","250.7","Steady average pace","32","99","5","Drink about the same",NA,NA,NA,NA,"Three or four times a week","Always","73","12","94","No","0","93","19","44","72","53","4","55","3","4","65","87",NA,NA,NA,NA,NA,NA,NA,"No regular group","2-4 times a week","More an 'evening' than a 'morning' person","Never/rarely","9.3","Never/rarely","No","Sometimes","Very easy","10 or less","50-99","5","15",NA,NA,NA,NA,NA,NA,NA,NA,NA,NA,"8.8",NA,"One day per week","3 to 5 hours per day","36","25","Yes, one household member smokes","84","62",NA,NA,NA,"No",NA,NA,"9","58","57","18","Hand-rolled cigarettes",NA,NA,"No, not at all","51","I have never smoked","Cigars, cigarillos, or little filtered cigar (e.g., Montecristo, Romeo Y Julieta, Cohiba, Davidoff, Neos red)","No","69","99",NA,NA,NA,NA,NA,NA
"FB248469","Do not know","Prefer not to answer","28.1","6.8","None","Car or motor vehicle","Other exercises (e.g., swimming, cycling, keep fit, bowling); Strenuous sports",NA,NA,NA,NA,"Once in the last 4 weeks","Between 2 and 3 hours","Once a week","Between 30 minutes and 1 hour",NA,NA,"55","307","126.9","233.9","67","349","230.5","228.4","Steady average pace","48","53","76",NA,NA,NA,NA,NA,"Never",NA,"68","32","3","No","3","84","9","78","58","24","70","7","3","13","7","76",NA,NA,NA,NA,NA,NA,NA,"Sports club or gym; Pub or social club","Once a week","More a 'morning' than 'evening' person","Never/rarely","16.9",NA,"Do not know","Sometimes","Very easy","10 or less","50-99","56","35","4",NA,"Less nowadays?",NA,"Do not know",NA,"No",NA,NA,"Pregnancy/fertility",NA,NA,"Never","6 to 9 hours per day","54","82","No","45","63",NA,"Health reasons",NA,"Yes","Cigars or pipes",NA,"87","23","50","80","Hand-rolled cigarettes",NA,NA,"No, not at all","34","Smoked occasionally","Shisha","No","46","47",NA,NA,NA,NA,NA,NA
"WG929270","Do not know","Do not know","156.5","4.3","6-10 times a day","Walk","Light DIY (e.g., DIY that does not require a lot of physical effort)",NA,NA,"2-3 times in the last 4 weeks","Between 30 minutes and 1 hour",NA,NA,NA,NA,NA,NA,"162","307","298.0","4.3","103","249","183.4","63.8","Steady average pace","21","56","76","Drink about the same",NA,NA,NA,NA,"Once or twice a week","Sometimes","28","39","35","No","74","27","41","26","20","2","54","2","85","61","1","76",NA,NA,NA,NA,NA,NA,NA,"No regular group","Once a week","More a 'morning' than 'evening' person","Never/rarely","12.2","Usually","No","Never/rarely","Fairly easy",NA,NA,NA,NA,NA,NA,NA,NA,NA,NA,NA,NA,NA,NA,NA,NA,NA,NA,NA,NA,NA,NA,NA,NA,NA,NA,NA,NA,NA,NA,NA,NA,NA,NA,NA,NA,"No, not at all",NA,NA,"I have not used any of these tobacco products",NA,NA,NA,NA,NA,NA,NA,NA,NA
"PT833095","Do not know","Prefer not to answer","12.0","185.4","6-10 times a day","Mixed modes","Walking for pleasure (not as a means of transport)",NA,NA,NA,NA,NA,NA,NA,NA,"4-5 times a week","Between 1 hour and 1.5 hours","64","185","276.0","0.7","328","262","0.6","145.5","Brisk pace","3","59","69","Drink about the same",NA,NA,NA,NA,"Once or twice a week","Usually","1","31","36","No","13","41","51","45","85","63","100","29","2","0","100","90",NA,NA,NA,NA,NA,NA,NA,"Sports club or gym","Never","More a 'morning' than 'evening' person","Prefer not to answer","18.5","Never/rarely","No","Never/rarely","Fairly easy",NA,NA,NA,NA,NA,NA,NA,NA,NA,NA,NA,NA,NA,NA,NA,NA,NA,NA,NA,NA,NA,NA,NA,NA,NA,NA,NA,NA,NA,NA,NA,NA,NA,NA,NA,NA,"No, not at all",NA,NA,"I have not used any of these tobacco products",NA,NA,NA,NA,NA,NA,NA,NA,NA
"JU410373","Do not know","Prefer not to answer","41.9","225.7","Do not know","Cycle","Other exercises (e.g., swimming, cycling, keep fit, bowling)",NA,NA,NA,NA,"2-3 times in the last 4 weeks","Between 1 hour and 1.5 hours",NA,NA,NA,NA,"207","251","221.5","66.1","127","59","17.7","112.4","Steady average pace","37","17","39","Drink about the same",NA,NA,NA,NA,"One to three times a month","Usually","83","44","62","No","52","58","53","21","47","21","33","38","65","11","80","64",NA,NA,NA,NA,NA,NA,NA,NA,"1-3 times a month","Definitely a 'morning' person","Never/rarely","19.5","Sometimes","No","Never/rarely","Not very easy",NA,NA,NA,NA,NA,NA,NA,NA,NA,NA,NA,NA,NA,NA,NA,NA,NA,NA,NA,NA,NA,NA,NA,NA,NA,NA,NA,NA,NA,NA,NA,NA,NA,NA,NA,NA,"No, not at all",NA,NA,"I have not used any of these tobacco products",NA,NA,NA,NA,NA,NA,NA,NA,NA
"GU449478","Prefer not to answer","Prefer not to answer","188.9","128.5","1-5 times a day","Public transport","Light DIY (e.g., DIY that does not require a lot of physical effort)",NA,NA,"Once a week","Between 15 and 30 minutes",NA,NA,NA,NA,NA,NA,"159","356","171.5","200.5","44","184","238.4","238.5","Steady average pace","33","47","10","Drink more than before",NA,NA,NA,NA,"One to three times a month","Sometimes","21","16","69","No","97","35","36","84","78","6","44","64","21","11","80","84",NA,NA,NA,NA,NA,NA,NA,"Pub or social club","Never","More an 'evening' than a 'morning' person","Never/rarely","18.8","Never/rarely",NA,"Sometimes","Fairly easy",NA,NA,NA,NA,NA,NA,NA,NA,NA,NA,NA,NA,NA,NA,NA,NA,NA,NA,NA,NA,NA,NA,NA,NA,NA,NA,NA,NA,NA,NA,NA,NA,NA,NA,NA,NA,"No, not at all",NA,NA,"I have not used any of these tobacco products",NA,NA,NA,NA,NA,NA,NA,NA,NA
"IK865094","Do not know","Prefer not to answer","0.6","287.4","1-5 times a day","Car or motor vehicle","None of the above",NA,NA,NA,NA,NA,NA,NA,NA,NA,NA,"71","68","277.6","297.9","311","196","295.1","192.0","Fast pace","89","24","35","Drink about the same",NA,NA,NA,NA,"Special occasions only","Never","100","30","24","No","26","37","81","26","20","8","26","81","73","7","23","55",NA,NA,NA,NA,NA,NA,NA,"Arts/music group","Once a week","More a 'morning' than 'evening' person","Sometimes","12.5","Never/rarely","No","Sometimes","Not easy at all","50-99","Prefer not to answer","89","69",NA,NA,NA,NA,NA,NA,NA,NA,NA,NA,"3.8",NA,"Most days of the week","1 to 2 hours per day","34","34","Yes, one household member smokes","70","21",NA,NA,NA,"No",NA,NA,"51","73","16","49","Manufactured cigarette",NA,NA,"No, not at all","51","I have never smoked","Chewing tobacco, snus, snuff, Gutkha, or dip (e.g., Skruf, Tulsi, Sikandar, conwood, Al Capone powder)","No","31","43",NA,NA,NA,NA,NA,NA
"IZ404320","Do not know","Prefer not to answer","123.3","28.3","None","Car or motor vehicle","Heavy DIY (e.g., DIY that requires a lot of physical effort)","Once a week","Between 1.5 hours and 2 hours",NA,NA,NA,NA,NA,NA,NA,NA,"138","168","180.7","209.6","39","287","215.0","287.8","Steady average pace","62","38","2","Stopped drinking","Health reasons","Mental wellbeing",NA,NA,"One to three times a month","Sometimes","56","57","9","No","1","3","80","87","55","29","92","34","41","84","33","74",NA,NA,NA,NA,NA,NA,NA,"Religious group","Almost daily","More a 'morning' than 'evening' person","Sometimes","11.3","Usually","No","Never/rarely","Fairly easy",NA,NA,NA,NA,NA,NA,NA,NA,NA,NA,NA,NA,NA,NA,NA,NA,NA,NA,NA,NA,NA,NA,NA,NA,NA,NA,NA,NA,NA,NA,NA,NA,NA,NA,NA,NA,"No, not at all",NA,NA,"I have not used any of these tobacco products",NA,NA,NA,NA,NA,NA,NA,NA,NA
"YK256855","Do not know","Prefer not to answer","168.3","284.3","11-15 times a day","Car or motor vehicle","Strenuous sports",NA,NA,NA,NA,NA,NA,"Once in the last 4 weeks","Between 15 and 30 minutes",NA,NA,"329","82","121.8","66.6","304","115","167.7","93.6","Steady average pace","10","50","24","Drink less than before",NA,NA,"Cost reasons","Health advice","Once or twice a week","Always","64","95","91","No","33","46","12","45","17","98","76","5","54","33","47","42",NA,NA,NA,NA,NA,NA,NA,"Pub or social club; Sports club or gym","1-3 times a month",NA,"Never/rarely","6.8","Sometimes","No","Never/rarely","Not easy at all",NA,NA,NA,NA,NA,NA,NA,NA,NA,NA,NA,NA,NA,NA,NA,NA,NA,NA,NA,NA,NA,NA,NA,NA,NA,NA,NA,NA,NA,NA,NA,NA,NA,NA,NA,NA,"No, not at all",NA,NA,"I have not used any of these tobacco products",NA,NA,NA,NA,NA,NA,NA,NA,NA
"CZ799873","Prefer not to answer","Prefer not to answer","110.1","182.3","1-5 times a day","Car or motor vehicle","Walking for pleasure (not as a means of transport)",NA,NA,NA,NA,NA,NA,NA,NA,"2-3 times in the last 4 weeks","Between 15 and 30 minutes","174","223","9.8","168.4","155","343","299.9","179.8","Slow pace","45","10","67","Drink less than before",NA,NA,"Health reasons","Other","One to three times a month","Sometimes","72","24","60","No","75","29","11","97","30","62","46","10","49","62","27","45",NA,NA,NA,NA,NA,NA,NA,"Pub or social club","2-4 times a week","More an 'evening' than a 'morning' person","Never/rarely","3.9","Sometimes","Yes","Sometimes","Not easy at all",NA,NA,NA,NA,NA,NA,NA,NA,NA,NA,NA,NA,NA,NA,NA,NA,NA,NA,NA,NA,NA,NA,NA,NA,NA,NA,NA,NA,NA,NA,NA,NA,NA,NA,NA,NA,"No, not at all",NA,NA,"I have not used any of these tobacco products",NA,NA,NA,NA,NA,NA,NA,NA,NA
"RA212534","Do not know","Do not know","135.6","104.8","6-10 times a day","Car or motor vehicle","Other exercises (e.g., swimming, cycling, keep fit, bowling)",NA,NA,NA,NA,"Once a week","Between 15 and 30 minutes",NA,NA,NA,NA,"245","169","64.5","53.2","18","189","178.1","100.4","Brisk pace","86","1","82","Drink about the same",NA,NA,NA,NA,"Special occasions only","Usually","82","49","71","No","16","50","62","32","23","49","96","65","11","94","59","77",NA,NA,NA,NA,NA,NA,NA,"Sports club or gym","2-4 times a week","Prefer not to answer","Do not know","5.0","Never/rarely","Do not know","Sometimes","Fairly easy","10 or less","or more","78","44","12",NA,"Less nowadays?",NA,"Yes","Health","No",NA,NA,"Doctor advice","1.9",NA,"Most days of the week","Less than 1 hour per day","93","79","Yes, more than one household member smokes","12","34",NA,"Family/children",NA,"Yes","Manufactured cigarettes","Current regular smoker","40","96","29","56","Prefer not to answer","Prefer not to answer",NA,"Yes, but rarely","11","Just tried once or twice","Cigarettes (manufactured or hand-rolled)","Yes","47","40",NA,"Less than 1 time/mo",NA,"Nicotine e-liquid",NA,"I was a current smoker of tobacco cigarettes and was planning to"
"UU716613","1-5 times a day","11-15 times a day",NA,NA,"6-10 times a day","Public transport","Other exercises (e.g., swimming, cycling, keep fit, bowling)",NA,NA,NA,NA,"Once a week","Between 30 minutes and 1 hour",NA,NA,NA,NA,NA,NA,NA,NA,"131","307",NA,NA,"Slow pace","23","0","92","Drink less than before",NA,NA,"Health reasons","Health advice","One to three times a month","Never","40","57","35","No","50","99","58","8","81","49","38","35","40","84","26","86","14.7","22.1","0.2","21.3","4.0","17.1","1.3","Sports club or gym","Less than once a month",NA,NA,"2.5",NA,NA,NA,NA,NA,NA,NA,NA,NA,NA,NA,NA,NA,NA,NA,NA,NA,NA,NA,NA,NA,NA,NA,NA,NA,NA,NA,NA,NA,NA,NA,NA,NA,NA,NA,NA,NA,NA,NA,"No, not at all",NA,NA,NA,NA,NA,NA,NA,NA,NA,NA,NA,NA,NA
"OF419779","Prefer not to answer","Do not know","180.4","168.0","11-15 times a day","Car or motor vehicle","None of the above",NA,NA,NA,NA,NA,NA,NA,NA,NA,NA,"95","292","230.7","236.1","296","145","67.3","28.1","Brisk pace","12","4","97","Drink more than before",NA,NA,NA,NA,"Special occasions only","Never","3","73","41","No","12","13","48","14","21","3","54","81","79","7","91","1",NA,NA,NA,NA,NA,NA,NA,"No regular group","1-3 times a month","More an 'evening' than a 'morning' person","Sometimes","17.7","Never/rarely","No","Never/rarely","Fairly easy",NA,NA,NA,NA,NA,NA,NA,NA,NA,NA,NA,NA,NA,NA,NA,NA,NA,NA,NA,NA,NA,NA,NA,NA,NA,NA,NA,NA,NA,NA,NA,NA,NA,NA,NA,NA,"Yes, some days",NA,NA,"I have not used any of these tobacco products",NA,NA,NA,NA,NA,NA,NA,NA,NA
"OZ946603","Do not know","Prefer not to answer","9.5","37.7","6-10 times a day","Car or motor vehicle","Other exercises (e.g., swimming, cycling, keep fit, bowling); Strenuous sports",NA,NA,NA,NA,"Once a week","Do not know","Once in the last 4 weeks","Between 1 hour and 1.5 hours",NA,NA,"143","325","18.2","265.8","268","344","150.0","283.5","Fast pace","49","36","8","Drink less than before",NA,NA,"Health reasons","Health advice","Once or twice a week","Usually","47","75","60","No","22","4","23","5","41","56","1","70","1","39","25","63",NA,NA,NA,NA,NA,NA,NA,"Religious group","Less than once a month","More a 'morning' than 'evening' person","Sometimes","4.2","Sometimes","Yes","Never/rarely","Not very easy",NA,NA,NA,NA,NA,NA,NA,NA,NA,NA,NA,NA,NA,NA,NA,NA,NA,NA,NA,NA,NA,NA,NA,NA,NA,NA,NA,NA,NA,NA,NA,NA,NA,NA,NA,NA,"No, not at all",NA,NA,"I have not used any of these tobacco products",NA,NA,NA,NA,NA,NA,NA,NA,NA
"YW378789","Do not know","Prefer not to answer","57.9","218.8","6-10 times a day","Car or motor vehicle","Strenuous sports",NA,NA,NA,NA,NA,NA,"Once in the last 4 weeks","Less than 15 minutes",NA,NA,"154","284","53.7","40.7","197","240","134.7","289.9","Steady average pace","92","57","95","Drink less than before",NA,NA,"Health reasons","Training/fitness","Once or twice a week","Usually","45","5","5","No","67","7","20","67","39","20","37","16","43","27","60","57",NA,NA,NA,NA,NA,NA,NA,"Arts/music group","Almost daily","More an 'evening' than a 'morning' person","Sometimes","19.3","Usually","No","Usually",NA,NA,NA,NA,NA,NA,NA,NA,NA,NA,NA,NA,NA,NA,NA,NA,NA,NA,NA,NA,NA,NA,NA,NA,NA,NA,NA,NA,NA,NA,NA,NA,NA,NA,NA,NA,NA,"Prefer not to answer",NA,NA,"I have not used any of these tobacco products",NA,NA,NA,NA,NA,NA,NA,NA,NA
"TJ114317","Do not know","Prefer not to answer","17.8","141.9","6-10 times a day","Walk","Walking for pleasure (not as a means of transport)",NA,NA,NA,NA,NA,NA,NA,NA,"4-5 times a week","Less than 15 minutes","345","119","46.9","288.1","98","210","41.4","211.2","Fast pace","29","98","4","Drink about the same",NA,NA,NA,NA,"Three or four times a week","Usually","13","89","71","No","20","91","63","66","17","98","63","43","74","41","76","90",NA,NA,NA,NA,NA,NA,NA,"No regular group","2-4 times a week","More a 'morning' than 'evening' person","Never/rarely","10.7","Never/rarely","No","Never/rarely","Very easy",NA,NA,NA,NA,NA,NA,NA,NA,NA,NA,NA,NA,NA,NA,NA,NA,NA,NA,NA,NA,NA,NA,NA,NA,NA,NA,NA,NA,NA,NA,NA,NA,NA,NA,NA,NA,"No, not at all",NA,NA,"I have not used any of these tobacco products",NA,NA,NA,NA,NA,NA,NA,NA,NA
"YI145626","Prefer not to answer","Do not know","111.6","292.4","1-5 times a day","Car or motor vehicle","Other exercises (e.g., swimming, cycling, keep fit, bowling)",NA,NA,NA,NA,"4-5 times a week","Between 30 minutes and 1 hour",NA,NA,NA,NA,"140","344","138.8","199.8","221","91","85.2","125.3","Brisk pace","48","11","71","Drink about the same",NA,NA,NA,NA,"Three or four times a week","Usually","57","82","32","No","43","12","51","51","87","73","18","71","6","4","21","34",NA,NA,NA,NA,NA,NA,NA,"Volunteering group","2-4 times a week","More an 'evening' than a 'morning' person","Sometimes","15.4","Sometimes","No","Prefer not to answer","Not very easy",NA,NA,NA,NA,NA,NA,NA,NA,NA,NA,NA,NA,NA,NA,NA,NA,NA,NA,NA,NA,NA,NA,NA,NA,NA,NA,NA,NA,NA,NA,NA,NA,NA,NA,NA,NA,"No, not at all",NA,NA,"I have not used any of these tobacco products",NA,NA,NA,NA,NA,NA,NA,NA,NA
"PL767191","Prefer not to answer","Prefer not to answer","79.3","248.5","1-5 times a day","Mixed modes","None of the above",NA,NA,NA,NA,NA,NA,NA,NA,NA,NA,"338","194","138.7","2.4","174","52","131.1","103.6","Steady average pace","65","35","10","Stopped drinking","Health reasons","Mental wellbeing",NA,NA,"Daily or almost daily","Sometimes","75","19","54","No","44","35","34","76","63","92","18","45","48","53","50","70",NA,NA,NA,NA,NA,NA,NA,"Pub or social club",NA,"Definitely an 'evening' person","Sometimes","4.3","Prefer not to answer","No","Sometimes","Very easy",NA,NA,NA,NA,NA,NA,NA,NA,NA,NA,NA,NA,NA,NA,NA,NA,NA,NA,NA,NA,NA,NA,NA,NA,NA,NA,NA,NA,NA,NA,NA,NA,NA,NA,NA,NA,"Yes, some days",NA,NA,"I have not used any of these tobacco products",NA,NA,NA,NA,NA,NA,NA,NA,NA
"VM318009","Do not know","Do not know","31.8","227.8","1-5 times a day","Car or motor vehicle","Heavy DIY (e.g., DIY that requires a lot of physical effort); Strenuous sports","2-3 times a week","Between 15 and 30 minutes",NA,NA,NA,NA,"Once in the last 4 weeks","Between 30 minutes and 1 hour",NA,NA,"152","236","68.0","25.0","137","210","24.6","218.2","Prefer not to answer","43","45","30","Drink about the same",NA,NA,NA,NA,"Once or twice a week","Sometimes","99","87","92","No","88","2","87","48","24","56","31","62","31","8","0","17",NA,NA,NA,NA,NA,NA,NA,"Pub or social club","Almost daily","Definitely a 'morning' person","Never/rarely","18.8","Sometimes","No","Never/rarely","Very easy",NA,NA,NA,NA,NA,NA,NA,NA,NA,NA,NA,NA,NA,NA,NA,NA,NA,NA,NA,NA,NA,NA,NA,NA,NA,NA,NA,NA,NA,NA,NA,NA,NA,NA,NA,NA,"No, not at all",NA,NA,"I have not used any of these tobacco products",NA,NA,NA,NA,NA,NA,NA,NA,NA
"XR675995","Do not know","Do not know","41.7","200.3","1-5 times a day","Walk","Walking for pleasure (not as a means of transport)",NA,NA,NA,NA,NA,NA,NA,NA,"2-3 times a week","Between 1.5 hours and 2 hours","357","230","268.7","183.4","234","13","36.7","44.4","Steady average pace","50","82","64","Drink less than before",NA,NA,"Health reasons","Medication interaction","Daily or almost daily","Always","23","48","37","No","43","94","100","67","86","92","17","32","65","23","97","78",NA,NA,NA,NA,NA,NA,NA,"Pub or social club","1-3 times a month","More a 'morning' than 'evening' person","Sometimes","13.1",NA,"No","Never/rarely",NA,NA,NA,NA,NA,NA,NA,NA,NA,NA,NA,NA,NA,NA,NA,NA,NA,NA,NA,NA,NA,NA,NA,NA,NA,NA,NA,NA,NA,NA,NA,NA,NA,NA,NA,NA,NA,"Yes, some days",NA,NA,"I have not used any of these tobacco products",NA,NA,NA,NA,NA,NA,NA,NA,NA
"AO249629","Prefer not to answer","Do not know","252.1","290.7","1-5 times a day","Car or motor vehicle","Walking for pleasure (not as a means of transport)",NA,NA,NA,NA,NA,NA,NA,NA,"2-3 times in the last 4 weeks","Between 1.5 hours and 2 hours","348","25","154.3","150.4","205","80","167.7","159.9","Fast pace","42","15","94","Drink about the same",NA,NA,NA,NA,"Once or twice a week","Sometimes","84","62","42","No","66","54","36","30","40","57","97","1","7","28","19","27",NA,NA,NA,NA,NA,NA,NA,"Religious group","Less than once a month",NA,NA,"18.2","Never/rarely","No",NA,"Not easy at all","or more","10 or less","9","91",NA,NA,NA,NA,NA,NA,NA,NA,NA,NA,"4.8",NA,"A few days per year","Prefer not to answer","27","12","No","18","47",NA,NA,NA,"No",NA,NA,"55","88","23","46","None of the above",NA,NA,"No, not at all","31","Just tried once or twice","Electronic delivery devices that can be vaped, such as e-cigarettes (e.g., UWELL, Vype, Vuse, Vapouriz, WizMix)","No","11","56",NA,NA,NA,NA,NA,NA
"FU560516","Do not know","Prefer not to answer","272.4","274.6","1-5 times a day","Walk","Strenuous sports",NA,NA,NA,NA,NA,NA,"Once in the last 4 weeks","Between 1 hour and 1.5 hours",NA,NA,"15","351","209.3","254.2","142","161","82.4","238.8","Slow pace","68","19","50","Drink about the same",NA,NA,NA,NA,"Once or twice a week","Sometimes","59","78","51","No","60","100","66","29","11","91","50","96","17","57","47","81",NA,NA,NA,NA,NA,NA,NA,"Volunteering group","Once a week","More a 'morning' than 'evening' person","Often","6.6","Prefer not to answer","No","Usually","Not easy at all",NA,NA,NA,NA,NA,NA,NA,NA,NA,NA,NA,NA,NA,NA,NA,NA,NA,NA,NA,NA,NA,NA,NA,NA,NA,NA,NA,NA,NA,NA,NA,NA,NA,NA,NA,NA,"No, not at all",NA,NA,"I have not used any of these tobacco products",NA,NA,NA,NA,NA,NA,NA,NA,NA
"KA280012","Prefer not to answer","Prefer not to answer","145.8","13.5","1-5 times a day","Prefer not to answer","Walking for pleasure (not as a means of transport)",NA,NA,NA,NA,NA,NA,NA,NA,"Do not know","Between 2 and 3 hours","14","328","235.6","298.2","167","238","273.8","235.0","Steady average pace","84","8","67","Drink about the same",NA,NA,NA,NA,"Never",NA,"42","78","42","Yes","57","96","10","91","92","13","79","0","22","89","47","21",NA,NA,NA,NA,NA,NA,NA,"No regular group","Almost daily",NA,"Often","11.3","Never/rarely","Yes","Never/rarely","Fairly easy","50-99","50-99","61","29","11",NA,"About the same?",NA,"Yes","Health",NA,NA,NA,NA,"0.2",NA,"Most days of the week","Less than 1 hour per day","79","97","No","68","62",NA,NA,NA,"Yes","Manufactured cigarettes","Prefer not to answer","93","75","76","21","Hand-rolled cigarettes","Hand-rolled cigarettes",NA,"Yes, but rarely","90","Smoked occasionally","Cigars, cigarillos, or little filtered cigar (e.g., Montecristo, Romeo Y Julieta, Cohiba, Davidoff, Neos red)","Yes","32","41",NA,"1-4 times /day",NA,"Prefer not to answer",NA,"I had stopped smoking tobacco cigarettes"
"IK234644","Do not know","Do not know","11.6","123.7","More than 20 times a day","Car or motor vehicle","Walking for pleasure (not as a means of transport)",NA,NA,NA,NA,NA,NA,NA,NA,"Once a week","Between 30 minutes and 1 hour","270","187","240.1","4.9","93","213","55.7","164.6","Steady average pace","4","10","94",NA,NA,NA,NA,NA,"Never",NA,"59","86","99","No","52","42","39","6","61","28","79","4","83","60","55","23",NA,NA,NA,NA,NA,NA,NA,"Religious group; Pub or social club","Less than once a month","Definitely an 'evening' person","Never/rarely","8.0",NA,"No","Prefer not to answer","Fairly easy",NA,NA,NA,NA,NA,NA,NA,NA,NA,NA,NA,NA,NA,NA,NA,NA,NA,NA,NA,NA,NA,NA,NA,NA,NA,NA,NA,NA,NA,NA,NA,NA,NA,NA,NA,NA,"No, not at all",NA,NA,"I have not used any of these tobacco products",NA,NA,NA,NA,NA,NA,NA,NA,NA
"VH892184","Prefer not to answer","Prefer not to answer","287.8","228.2","11-15 times a day","Car or motor vehicle","Light DIY (e.g., DIY that does not require a lot of physical effort)",NA,NA,"Prefer not to answer","Between 30 minutes and 1 hour",NA,NA,NA,NA,NA,NA,"327","289","105.4","168.5","172","258","270.8","33.2","Steady average pace","67","46","65","Drink less than before",NA,NA,"Family/work responsibilities","Health advice","One to three times a month","Sometimes","67","38","38","No","25","36","0","34","96","6","15","67","29","95","18","27",NA,NA,NA,NA,NA,NA,NA,"Arts/music group","1-3 times a month","Do not know","Sometimes","17.9","Sometimes","Yes",NA,"Very easy",NA,NA,NA,NA,NA,NA,NA,NA,NA,NA,NA,NA,NA,NA,NA,NA,NA,NA,NA,NA,NA,NA,NA,NA,NA,NA,NA,NA,NA,NA,NA,NA,NA,NA,NA,NA,"No, not at all",NA,NA,"I have not used any of these tobacco products",NA,NA,NA,NA,NA,NA,NA,NA,NA
"ZM165619","Prefer not to answer","Do not know","178.9","231.0","None","Mixed modes","Heavy DIY (e.g., DIY that requires a lot of physical effort)","Do not know","Between 15 and 30 minutes",NA,NA,NA,NA,NA,NA,NA,NA,"219","43","194.1","57.9","269","37","229.1","109.8","Steady average pace","45","27","14","Drink less than before",NA,NA,"Family/work responsibilities","Health advice","Never",NA,"58","20","53","Yes","27","83","52","57","97","24","37","99","100","0","32","95",NA,NA,NA,NA,NA,NA,NA,"No regular group",NA,"Definitely an 'evening' person",NA,"20.5","Sometimes","No","Usually","Fairly easy",NA,NA,NA,NA,NA,NA,NA,NA,NA,NA,NA,NA,NA,NA,NA,NA,NA,NA,NA,NA,NA,NA,NA,NA,NA,NA,NA,NA,NA,NA,NA,NA,NA,NA,NA,NA,"No, not at all",NA,NA,"I have not used any of these tobacco products",NA,NA,NA,NA,NA,NA,NA,NA,NA
"VN204800","Do not know","Do not know","102.9","280.5","6-10 times a day","Public transport","Prefer not to answer",NA,NA,NA,NA,NA,NA,NA,NA,NA,NA,"120","111","12.9","114.6","108","86","125.4","274.1","Steady average pace","6","62","30","Drink about the same",NA,NA,NA,NA,"Daily or almost daily","Usually","47","9","76","No","94","26","97","68","60","67","2","78","11","100","39","0",NA,NA,NA,NA,NA,NA,NA,"No regular group","Once a week","More a 'morning' than 'evening' person","Sometimes","6.9","Sometimes","No","Sometimes","Fairly easy",NA,NA,NA,NA,NA,NA,NA,NA,NA,NA,NA,NA,NA,NA,NA,NA,NA,NA,NA,NA,NA,NA,NA,NA,NA,NA,NA,NA,NA,NA,NA,NA,NA,NA,NA,NA,"No, not at all",NA,NA,"I have not used any of these tobacco products",NA,NA,NA,NA,NA,NA,NA,NA,NA
"VB472117","Do not know","Do not know","41.1","236.0","1-5 times a day","Car or motor vehicle","Walking for pleasure (not as a means of transport)",NA,NA,NA,NA,NA,NA,NA,NA,"2-3 times a week","Between 30 minutes and 1 hour","29","210","181.1","291.4","92","294","126.6","186.9","Fast pace","77","8","20","Drink about the same",NA,NA,NA,NA,"One to three times a month","Sometimes","87","17","55","No","29","58","99","43","54","83","96","1","7","63","6","90",NA,NA,NA,NA,NA,NA,NA,"Religious group; Pub or social club","Less than once a month","Definitely a 'morning' person","Sometimes","16.7","Never/rarely","No","Never/rarely","Fairly easy",NA,NA,NA,NA,NA,NA,NA,NA,NA,NA,NA,NA,NA,NA,NA,NA,NA,NA,NA,NA,NA,NA,NA,NA,NA,NA,NA,NA,NA,NA,NA,NA,NA,NA,NA,NA,"No, not at all",NA,NA,"I have not used any of these tobacco products",NA,NA,NA,NA,NA,NA,NA,NA,NA
"TF436491","Prefer not to answer","Do not know","258.0","115.2","None","Car or motor vehicle","Strenuous sports",NA,NA,NA,NA,NA,NA,"Once in the last 4 weeks","Less than 15 minutes",NA,NA,"276","22","154.5","100.4","199","63","194.8","268.9","Brisk pace","79","100","72","Drink less than before",NA,NA,"Health reasons","Pregnancy/fertility","Once or twice a week","Usually","64","73","95","No","97","67","95","100","7","64","59","35","22","41","3","56",NA,NA,NA,NA,NA,NA,NA,"Volunteering group","Almost daily",NA,"Never/rarely","18.4","Sometimes","No","Sometimes","Not easy at all","50-99","or more","52","43","6",NA,"Less nowadays?",NA,"No",NA,"Prefer not to answer",NA,NA,"Illness","1.2",NA,"Every day","1 to 2 hours per day","27","98","No","23","70",NA,"Health reasons",NA,"Yes","Manufactured cigarettes",NA,"25","13","34","76","Manufactured cigarette",NA,NA,"No, not at all","65","Smoked on most or all days","Cigarettes (manufactured or hand-rolled)","Yes","63","38",NA,"Never",NA,"Nicotine e-liquid",NA,"I had never smoked tobacco cigarettes"
"WM343370","Prefer not to answer","Prefer not to answer","128.4","132.5","1-5 times a day","Car or motor vehicle","Prefer not to answer",NA,NA,NA,NA,NA,NA,NA,NA,NA,NA,"78","49","78.7","143.8","150","8","53.2","115.4","Steady average pace","0","92","95","Drink about the same",NA,NA,NA,NA,"Special occasions only","Usually","55","69","62","No","51","40","77","11","31","4","32","54","45","16","80","29",NA,NA,NA,NA,NA,NA,NA,"Arts/music group","1-3 times a month","More a 'morning' than 'evening' person","Sometimes","8.1","Sometimes","Yes","Sometimes","Very easy","or more","or more","4","32",NA,NA,NA,NA,NA,NA,NA,NA,NA,NA,"3.8",NA,"One day per month","6 to 9 hours per day","29","79","No","56","63",NA,NA,NA,"No",NA,NA,"17","83","16","33","Manufactured cigarette",NA,NA,"No, not at all","98","I have never smoked","Chewing tobacco, snus, snuff, Gutkha, or dip (e.g., Skruf, Tulsi, Sikandar, conwood, Al Capone powder)","No","23","28",NA,NA,NA,NA,NA,NA
"VC749053","Prefer not to answer","Do not know","287.6","252.7","1-5 times a day","Mixed modes","Walking for pleasure (not as a means of transport); Heavy DIY (e.g., DIY that requires a lot of physical effort)","2-3 times a week","Between 30 minutes and 1 hour",NA,NA,NA,NA,NA,NA,"2-3 times a week","Between 1.5 hours and 2 hours","58","100","265.0","199.3","246","330","75.6","295.1","Do not know","71","19","77","Drink about the same",NA,NA,NA,NA,"Special occasions only","Always","75","77","29","No","35","18","28","15","97","96","84","23","22","50","28","38",NA,NA,NA,NA,NA,NA,NA,"No regular group","2-4 times a week","Prefer not to answer","Never/rarely","1.2","Never/rarely","No","Never/rarely","Fairly easy",NA,NA,NA,NA,NA,NA,NA,NA,NA,NA,NA,NA,NA,NA,NA,NA,NA,NA,NA,NA,NA,NA,NA,NA,NA,NA,NA,NA,NA,NA,NA,NA,NA,NA,NA,NA,"No, not at all",NA,NA,"I have not used any of these tobacco products",NA,NA,NA,NA,NA,NA,NA,NA,NA
"ZM104376","Do not know","Do not know","123.3","213.0","1-5 times a day","Public transport","None of the above",NA,NA,NA,NA,NA,NA,NA,NA,NA,NA,"360","204","65.0","196.0","212","127","186.7","201.9","Steady average pace","42","94","27","Drink about the same",NA,NA,NA,NA,"Once or twice a week","Always","0","2","75","No","65","51","48","46","54","24","19","81","50","56","29","98",NA,NA,NA,NA,NA,NA,NA,"Pub or social club","Once a week","More an 'evening' than a 'morning' person","Never/rarely","16.0","Usually","No","Sometimes","Not easy at all",NA,NA,NA,NA,NA,NA,NA,NA,NA,NA,NA,NA,NA,NA,NA,NA,NA,NA,NA,NA,NA,NA,NA,NA,NA,NA,NA,NA,NA,NA,NA,NA,NA,NA,NA,NA,"No, not at all",NA,NA,"I have not used any of these tobacco products",NA,NA,NA,NA,NA,NA,NA,NA,NA
"MP707645","Prefer not to answer","Do not know","160.8","47.9","More than 20 times a day","Car or motor vehicle","Heavy DIY (e.g., DIY that requires a lot of physical effort)","4-5 times a week","Between 2 and 3 hours",NA,NA,NA,NA,NA,NA,NA,NA,"142","185","14.1","7.0","8","65","206.6","148.8","Steady average pace","58","22","91","Stopped drinking","Personal choice","Medical condition",NA,NA,"One to three times a month","Sometimes","99","64","79","No","61","71","59","5","57","43","70","42","93","41","29","8",NA,NA,NA,NA,NA,NA,NA,"No regular group","2-4 times a week","More a 'morning' than 'evening' person",NA,"4.7","Never/rarely","No","Never/rarely","Not easy at all",NA,NA,NA,NA,NA,NA,NA,NA,NA,NA,NA,NA,NA,NA,NA,NA,NA,NA,NA,NA,NA,NA,NA,NA,NA,NA,NA,NA,NA,NA,NA,NA,NA,NA,NA,NA,"No, not at all",NA,NA,"I have not used any of these tobacco products",NA,NA,NA,NA,NA,NA,NA,NA,NA
"ES780594","Prefer not to answer","Prefer not to answer","199.9","55.7","None","Car or motor vehicle","Walking for pleasure (not as a means of transport)",NA,NA,NA,NA,NA,NA,NA,NA,"Once a week","Do not know","70","68","283.7","31.1","338","12","87.9","137.9","Prefer not to answer","40","58","62","Drink less than before",NA,NA,"Cost reasons","Medication interaction","Three or four times a week","Never","9","50","80","No","51","82","77","22","31","79","24","95","38","33","66","6",NA,NA,NA,NA,NA,NA,NA,"No regular group","Once a week","More an 'evening' than a 'morning' person","Sometimes","20.9","Never/rarely","No","Usually","Fairly easy",NA,NA,NA,NA,NA,NA,NA,NA,NA,NA,NA,NA,NA,NA,NA,NA,NA,NA,NA,NA,NA,NA,NA,NA,NA,NA,NA,NA,NA,NA,NA,NA,NA,NA,NA,NA,"No, not at all",NA,NA,"I have not used any of these tobacco products",NA,NA,NA,NA,NA,NA,NA,NA,NA
"KP696284","Do not know","Prefer not to answer","116.2","242.9","None","Car or motor vehicle","Walking for pleasure (not as a means of transport)",NA,NA,NA,NA,NA,NA,NA,NA,"Do not know","Less than 15 minutes","55","139","60.9","107.4","14","187","190.3","113.4","Steady average pace","92","6","44","Drink about the same",NA,NA,NA,NA,"Once or twice a week","Never","58","63","66","No","63","88","65","10","94","81","44","50","60","19","98","23",NA,NA,NA,NA,NA,NA,NA,"Pub or social club","Less than once a month","Definitely an 'evening' person","Sometimes","14.2","Never/rarely","No","Never/rarely","Fairly easy","10 or less","10 or less","87","69",NA,NA,NA,NA,NA,NA,NA,NA,NA,NA,"3.2",NA,"Most days of the week","1 to 2 hours per day","83","85","No","39","73",NA,NA,NA,"Prefer not to answer",NA,NA,"91","52","15","99","None of the above",NA,NA,"No, not at all","28","I have never smoked","Cigar","No","64","48",NA,NA,NA,NA,NA,NA
"OM673845","Prefer not to answer","Do not know","150.2","252.6","16-20 times a day","Car or motor vehicle","Walking for pleasure (not as a means of transport)",NA,NA,NA,NA,NA,NA,NA,NA,"Once a week","Between 30 minutes and 1 hour","228","327","52.4","112.3","156","306","9.2","184.4","Brisk pace","44","57","83","Drink about the same",NA,NA,NA,NA,"Never",NA,"87","50","100","Yes","7","25","61","59","48","24","24","79","45","29","0","5",NA,NA,NA,NA,NA,NA,NA,"No regular group","2-4 times a week","More a 'morning' than 'evening' person","Never/rarely","4.6","Never/rarely","Yes","Sometimes","Fairly easy",NA,NA,NA,NA,NA,NA,NA,NA,NA,NA,NA,NA,NA,NA,NA,NA,NA,NA,NA,NA,NA,NA,NA,NA,NA,NA,NA,NA,NA,NA,NA,NA,NA,NA,NA,NA,"No, not at all",NA,NA,"I have not used any of these tobacco products",NA,NA,NA,NA,NA,NA,NA,NA,NA
"UM773351","Prefer not to answer","Prefer not to answer","235.2","52.0","6-10 times a day","Mixed modes","Walking for pleasure (not as a means of transport)",NA,NA,NA,NA,NA,NA,NA,NA,"2-3 times a week","Between 2 and 3 hours","113","168","220.9","91.2","56","352","116.5","133.5","Steady average pace","3","80","89",NA,NA,NA,NA,NA,"Never",NA,"99","93","75","No","81","16","91","0","6","82","27","0","50","24","61","93",NA,NA,NA,NA,NA,NA,NA,"Sports club or gym",NA,"Definitely an 'evening' person","Never/rarely","1.5","Usually","Prefer not to answer",NA,"Not very easy",NA,NA,NA,NA,NA,NA,NA,NA,NA,NA,NA,NA,NA,NA,NA,NA,NA,NA,NA,NA,NA,NA,NA,NA,NA,NA,NA,NA,NA,NA,NA,NA,NA,NA,NA,NA,"Yes, but rarely",NA,NA,"I have not used any of these tobacco products",NA,NA,NA,NA,NA,NA,NA,NA,NA
"BH289766","Do not know","Do not know","10.1","285.8","6-10 times a day","Car or motor vehicle","Heavy DIY (e.g., DIY that requires a lot of physical effort)","4-5 times a week","Between 1.5 hours and 2 hours",NA,NA,NA,NA,NA,NA,NA,NA,"227","225","81.8","121.7","28","89","38.2","100.5","Brisk pace","0","55","53",NA,NA,NA,NA,NA,"Never",NA,"49","88","4","No","43","1","61","77","76","74","16","22","93","89","95","3",NA,NA,NA,NA,NA,NA,NA,"Pub or social club","Never","More an 'evening' than a 'morning' person","Never/rarely","9.2","Never/rarely",NA,"Never/rarely","Very easy",NA,NA,NA,NA,NA,NA,NA,NA,NA,NA,NA,NA,NA,NA,NA,NA,NA,NA,NA,NA,NA,NA,NA,NA,NA,NA,NA,NA,NA,NA,NA,NA,NA,NA,NA,NA,"No, not at all",NA,NA,"I have not used any of these tobacco products",NA,NA,NA,NA,NA,NA,NA,NA,NA
"YY723990","Prefer not to answer","Do not know","7.0","210.8","1-5 times a day","Car or motor vehicle","Heavy DIY (e.g., DIY that requires a lot of physical effort); Walking for pleasure (not as a means of transport)","2-3 times a week","Between 15 and 30 minutes",NA,NA,NA,NA,NA,NA,"Once a week","Prefer not to answer","178","281","147.4","99.1","42","283","81.7","210.0","Fast pace","75","20","48","Drink more than before",NA,NA,NA,NA,"Three or four times a week","Always","81","53","21","No","24","33","16","68","91","61","62","4","56","91","50","93",NA,NA,NA,NA,NA,NA,NA,"Volunteering group","1-3 times a month","Definitely an 'evening' person","Never/rarely","11.9","Never/rarely","No","Usually","Fairly easy",NA,NA,NA,NA,NA,NA,NA,NA,NA,NA,NA,NA,NA,NA,NA,NA,NA,NA,NA,NA,NA,NA,NA,NA,NA,NA,NA,NA,NA,NA,NA,NA,NA,NA,NA,NA,"No, not at all",NA,NA,"I have not used any of these tobacco products",NA,NA,NA,NA,NA,NA,NA,NA,NA
"FW554868","Prefer not to answer","Do not know","88.1","87.0","6-10 times a day","Mixed modes","Strenuous sports",NA,NA,NA,NA,NA,NA,"Prefer not to answer","Between 1.5 hours and 2 hours",NA,NA,"159","12","110.9","169.4","61","132","265.8","34.1","Slow pace","47","82","55","Drink about the same",NA,NA,NA,NA,"Three or four times a week","Always","90","26","47","No","58","100","40","32","38","39","74","2","31","26","1","42",NA,NA,NA,NA,NA,NA,NA,"No regular group","Almost daily","More a 'morning' than 'evening' person","Never/rarely","23.2","Never/rarely","No","Never/rarely","Very easy",NA,NA,NA,NA,NA,NA,NA,NA,NA,NA,NA,NA,NA,NA,NA,NA,NA,NA,NA,NA,NA,NA,NA,NA,NA,NA,NA,NA,NA,NA,NA,NA,NA,NA,NA,NA,"No, not at all",NA,NA,"I have not used any of these tobacco products",NA,NA,NA,NA,NA,NA,NA,NA,NA
"AM860527","Prefer not to answer","Do not know","7.2","77.2","1-5 times a day","Walk","Other exercises (e.g., swimming, cycling, keep fit, bowling)",NA,NA,NA,NA,"4-5 times a week","Between 15 and 30 minutes",NA,NA,NA,NA,"276","312","10.4","164.0","24","101","92.6","61.5","Steady average pace","94","93","68","Stopped drinking","Health reasons","Medical condition",NA,NA,"Special occasions only","Prefer not to answer","61","100","98","No","52","67","55","35","5","36","89","92","74","70","43","72",NA,NA,NA,NA,NA,NA,NA,"Sports club or gym","1-3 times a month",NA,"Do not know","20.6","Never/rarely","No","Sometimes","Not easy at all",NA,NA,NA,NA,NA,NA,NA,NA,NA,NA,NA,NA,NA,NA,NA,NA,NA,NA,NA,NA,NA,NA,NA,NA,NA,NA,NA,NA,NA,NA,NA,NA,NA,NA,NA,NA,"No, not at all",NA,NA,"I have not used any of these tobacco products",NA,NA,NA,NA,NA,NA,NA,NA,NA
"NF990204","Prefer not to answer","Do not know","32.5","91.3","1-5 times a day","Car or motor vehicle","Prefer not to answer",NA,NA,NA,NA,NA,NA,NA,NA,NA,NA,"320","9","227.5","45.6","344","177","58.6","101.0","Prefer not to answer","7","11","81","Drink about the same",NA,NA,NA,NA,"One to three times a month","Sometimes","78","88","64","No","82","47","4","18","63","54","56","54","90","30","64","1",NA,NA,NA,NA,NA,NA,NA,"No regular group","Prefer not to answer","More an 'evening' than a 'morning' person","Never/rarely","18.0","Never/rarely","No","Usually","Fairly easy",NA,NA,NA,NA,NA,NA,NA,NA,NA,NA,NA,NA,NA,NA,NA,NA,NA,NA,NA,NA,NA,NA,NA,NA,NA,NA,NA,NA,NA,NA,NA,NA,NA,NA,NA,NA,"No, not at all",NA,NA,"I have not used any of these tobacco products",NA,NA,NA,NA,NA,NA,NA,NA,NA
"PF759640","Prefer not to answer","Do not know","250.6","35.9","6-10 times a day","Prefer not to answer","None of the above",NA,NA,NA,NA,NA,NA,NA,NA,NA,NA,"49","12","64.2","2.1","293","119","238.0","20.9","Steady average pace","67","41","67","Drink about the same",NA,NA,NA,NA,"One to three times a month","Sometimes","81","83","46","No","36","75","38","43","66","55","40","16","94","25","39","56",NA,NA,NA,NA,NA,NA,NA,"No regular group","Never","Prefer not to answer","Never/rarely","19.1","Sometimes","No","Never/rarely","Prefer not to answer","10 or less","or more","65","60",NA,NA,NA,NA,NA,NA,NA,NA,NA,NA,NA,NA,"Never","Less than 1 hour per day","12","46","No","14","61",NA,NA,NA,"No",NA,NA,"45","25","39","80","None of the above",NA,NA,"No, not at all","70","Smoked occasionally","Shisha, hookah or water pipe","Yes","85","95",NA,"1-4 times /day",NA,"Do not know",NA,"I was a current smoker of tobacco cigarettes and was planning to quit"
"QH788713","Prefer not to answer","Prefer not to answer","272.3","151.5","11-15 times a day","Car or motor vehicle","Walking for pleasure (not as a means of transport)",NA,NA,NA,NA,NA,NA,NA,NA,"4-5 times a week","Between 15 and 30 minutes","131","94","8.2","148.9","258","329","182.5","207.6","Brisk pace","86","94","19","Stopped drinking","Health reasons","Religious/cultural",NA,NA,"Special occasions only","Sometimes","23","86","45","No","66","18","77","94","68","1","21","18","50","53","76","42",NA,NA,NA,NA,NA,NA,NA,"Sports club or gym","Once a week","More an 'evening' than a 'morning' person","Sometimes","22.9","Sometimes","No","Sometimes","Not easy at all","10 or less","50-99","46","65",NA,NA,NA,NA,NA,NA,NA,NA,NA,NA,NA,NA,"Never","1 to 2 hours per day","25","46","No","91","94",NA,NA,NA,"No",NA,NA,"3","11","13","39","Hand-rolled cigarettes",NA,NA,"No, not at all","39","I have never smoked","Smokeless tobacco","No","78","56",NA,NA,NA,NA,NA,NA
"KZ346655","Prefer not to answer","Prefer not to answer","102.5","45.2","6-10 times a day","Prefer not to answer","Prefer not to answer",NA,NA,NA,NA,NA,NA,NA,NA,NA,NA,"294","29","102.8","235.8","122","318","178.0","36.5","Steady average pace","69","94","10","Drink about the same",NA,NA,NA,NA,"Daily or almost daily","Sometimes","59","11","2","No","84","83","82","11","6","97","86","47","73","37","85","50",NA,NA,NA,NA,NA,NA,NA,"Sports club or gym","1-3 times a month","More a 'morning' than 'evening' person","Never/rarely","9.0","Sometimes","Yes","Never/rarely","Very easy","or more","Prefer not to answer","40","78","6",NA,"Less nowadays?",NA,"No",NA,"Yes","Financial",NA,"Cost","2.3",NA,"Every day","Less than 1 hour per day","26","34","Yes, one household member smokes","61","81",NA,"Health reasons",NA,"Yes","Hand-rolled cigarettes",NA,"12","19","30","24","None of the above",NA,NA,"No, not at all","65","Just tried once or twice","Tobacco pipe","No","61","49",NA,NA,NA,NA,NA,NA
"RE210607","Do not know","Prefer not to answer","293.0","53.9","6-10 times a day","Car or motor vehicle","None of the above",NA,NA,NA,NA,NA,NA,NA,NA,NA,NA,"346","108","63.6","299.5","150","100","174.9","84.8","Steady average pace","10","67","70","Drink less than before",NA,NA,"Cost reasons","Health advice","Special occasions only","Usually","67","100","73","No","56","74","13","38","57","21","24","95","51","6","75","6",NA,NA,NA,NA,NA,NA,NA,"No regular group","2-4 times a week","More a 'morning' than 'evening' person","Sometimes","22.1","Never/rarely","No","Never/rarely","Fairly easy",NA,NA,NA,NA,NA,NA,NA,NA,NA,NA,NA,NA,NA,NA,NA,NA,NA,NA,NA,NA,NA,NA,NA,NA,NA,NA,NA,NA,NA,NA,NA,NA,NA,NA,NA,NA,"No, not at all",NA,NA,"I have not used any of these tobacco products",NA,NA,NA,NA,NA,NA,NA,NA,NA
"WW586996","Do not know","Do not know","182.0","182.6","More than 20 times a day","Car or motor vehicle","Other exercises (e.g., swimming, cycling, keep fit, bowling)",NA,NA,NA,NA,"Every day","Between 15 and 30 minutes",NA,NA,NA,NA,"315","278","288.0","242.7","341","303","171.6","41.7","Prefer not to answer","42","83","38","Drink about the same",NA,NA,NA,NA,"One to three times a month","Usually","37","12","67","No","10","94","61","49","43","77","63","69","82","80","95","66",NA,NA,NA,NA,NA,NA,NA,"No regular group","Prefer not to answer","More a 'morning' than 'evening' person","Never/rarely","14.8","Sometimes","Yes","Never/rarely","Fairly easy",NA,NA,NA,NA,NA,NA,NA,NA,NA,NA,NA,NA,NA,NA,NA,NA,NA,NA,NA,NA,NA,NA,NA,NA,NA,NA,NA,NA,NA,NA,NA,NA,NA,NA,NA,NA,"No, not at all",NA,NA,"I have not used any of these tobacco products",NA,NA,NA,NA,NA,NA,NA,NA,NA
"BI369462","Do not know","Prefer not to answer","217.5","103.5","1-5 times a day","Car or motor vehicle","Prefer not to answer",NA,NA,NA,NA,NA,NA,NA,NA,NA,NA,"29","281","114.2","10.0","106","170","209.5","13.6","Prefer not to answer","36","84","4","Drink less than before",NA,NA,"Cost reasons","Health advice","Three or four times a week","Usually","19","63","58","No","5","86","38","88","1","95","97","4","3","60","15","67",NA,NA,NA,NA,NA,NA,NA,"Arts/music group","Never","Definitely an 'evening' person","Never/rarely","17.5","Never/rarely","No","Sometimes","Very easy","or more","or more","99","97",NA,NA,NA,NA,NA,NA,NA,NA,NA,NA,"0.5",NA,"Most days of the week","3 to 5 hours per day","12","24","No","68","54",NA,NA,NA,"No",NA,NA,"71","17","28","54","None of the above",NA,NA,"No, not at all","41","I have never smoked","Shisha, hookah or water pipe","Yes","63","34",NA,"1-4 times /day",NA,"Non-nicotine e-liquid",NA,"I had stopped smoking tobacco cigarettes"
"ZJ738385","Do not know","Prefer not to answer","194.9","110.7","1-5 times a day","Car or motor vehicle","Strenuous sports",NA,NA,NA,NA,NA,NA,"Once a week","Between 2 and 3 hours",NA,NA,"266","252","199.4","85.3","318","289","249.0","213.6","Fast pace","25","56","53","Drink about the same",NA,NA,NA,NA,"Once or twice a week","Sometimes","91","15","73","No","63","19","7","4","76","0","29","78","30","19","90","14",NA,NA,NA,NA,NA,NA,NA,"No regular group","2-4 times a week","Definitely an 'evening' person","Never/rarely","10.3","Never/rarely","No","Sometimes","Fairly easy",NA,NA,NA,NA,NA,NA,NA,NA,NA,NA,NA,NA,NA,NA,NA,NA,NA,NA,NA,NA,NA,NA,NA,NA,NA,NA,NA,NA,NA,NA,NA,NA,NA,NA,NA,NA,"No, not at all",NA,NA,"I have not used any of these tobacco products",NA,NA,NA,NA,NA,NA,NA,NA,NA
"JZ147451","Prefer not to answer","Do not know","238.0","144.5","1-5 times a day","Walk","Light DIY (e.g., DIY that does not require a lot of physical effort)",NA,NA,"2-3 times a week","Between 30 minutes and 1 hour",NA,NA,NA,NA,NA,NA,"74","79","219.6","26.8","177","80","185.7","212.8","Brisk pace","25","34","10","Drink about the same",NA,NA,NA,NA,"Three or four times a week","Usually","5","71","43","No","48","42","8","16","71","64","93","44","33","48","24","99",NA,NA,NA,NA,NA,NA,NA,"No regular group","2-4 times a week","More a 'morning' than 'evening' person","Never/rarely","19.5","Never/rarely","Yes","Usually","Very easy","11-49","50-99","50","89",NA,NA,NA,NA,NA,NA,NA,NA,NA,NA,"2.1",NA,"Every day","1 to 2 hours per day","16","11","No","52","61",NA,NA,NA,"No",NA,NA,"72","35","85","62","Manufactured cigarette",NA,NA,"No, not at all","75","I have never smoked","Smokeless tobacco","Yes","93","31",NA,"3-6 times /week",NA,"Do not know",NA,"I had stopped smoking tobacco cigarettes"
"DK728917","Do not know","Prefer not to answer","117.2","207.6","None","Car or motor vehicle","Heavy DIY (e.g., DIY that requires a lot of physical effort)","4-5 times a week","Between 1 hour and 1.5 hours",NA,NA,NA,NA,NA,NA,NA,NA,"271","273","198.6","276.8","277","24","55.7","165.1","Steady average pace","6","20","8","Drink about the same",NA,NA,NA,NA,"Special occasions only","Sometimes","54","93","83","No","72","47","20","77","61","4","71","11","93","94","31","96",NA,NA,NA,NA,NA,NA,NA,"No regular group","2-4 times a week","More an 'evening' than a 'morning' person","Often","6.6","Usually","No","Never/rarely","Not very easy",NA,NA,NA,NA,NA,NA,NA,NA,NA,NA,NA,NA,NA,NA,NA,NA,NA,NA,NA,NA,NA,NA,NA,NA,NA,NA,NA,NA,NA,NA,NA,NA,NA,NA,NA,NA,"No, not at all",NA,NA,"I have not used any of these tobacco products",NA,NA,NA,NA,NA,NA,NA,NA,NA
"TW919272","Prefer not to answer","Do not know","180.6","66.7","More than 20 times a day","Car or motor vehicle","Walking for pleasure (not as a means of transport)",NA,NA,NA,NA,NA,NA,NA,NA,"2-3 times in the last 4 weeks","Between 1 hour and 1.5 hours","306","70","90.5","38.3","147","203","294.5","161.5","Steady average pace","33","43","41","Drink less than before",NA,NA,"Family/work responsibilities","Health advice","Special occasions only","Sometimes","26","72","59","No","1","55","11","98","3","71","99","69","16","77","92","9",NA,NA,NA,NA,NA,NA,NA,"Religious group","Once a week","Definitely an 'evening' person","Never/rarely","23.6","Sometimes","No",NA,"Fairly easy","11-49","50-99","23","63","5",NA,"About the same?",NA,"Do not know",NA,NA,NA,NA,NA,NA,NA,"Never","1 to 2 hours per day","98","98","Yes, one household member smokes","35","60",NA,NA,NA,"Yes","Cigars or pipes","Current regular smoker","85","8","56","79","Manufactured cigarette","Hand-rolled cigarettes",NA,"Yes, but rarely","72","Smoked occasionally","Electronic delivery devices that can be vaped, such as e-cigarettes (e.g., UWELL, Vype, Vuse, Vapouriz, WizMix)","No","31","49",NA,NA,NA,NA,NA,NA
"OA106032","Do not know","Prefer not to answer","284.2","25.9","11-15 times a day","Walk","Walking for pleasure (not as a means of transport)",NA,NA,NA,NA,NA,NA,NA,NA,"Once in the last 4 weeks","Prefer not to answer","99","288","259.1","201.4","322","80","0.9","273.4","Fast pace","83","75","62","Drink about the same",NA,NA,NA,NA,"One to three times a month","Never","85","58","77","No","19","40","77","40","71","57","16","32","8","33","23","97",NA,NA,NA,NA,NA,NA,NA,"Volunteering group; Religious group","2-4 times a week","Definitely an 'evening' person","Often","18.7","Never/rarely","Yes","Never/rarely","Fairly easy",NA,NA,NA,NA,NA,NA,NA,NA,NA,NA,NA,NA,NA,NA,NA,NA,NA,NA,NA,NA,NA,NA,NA,NA,NA,NA,NA,NA,NA,NA,NA,NA,NA,NA,NA,NA,"No, not at all",NA,NA,"I have not used any of these tobacco products",NA,NA,NA,NA,NA,NA,NA,NA,NA
"GV944165","Prefer not to answer","Do not know","282.7","232.0","6-10 times a day","Car or motor vehicle","Walking for pleasure (not as a means of transport); Strenuous sports",NA,NA,NA,NA,NA,NA,"Prefer not to answer","Between 1 hour and 1.5 hours","2-3 times in the last 4 weeks","Between 30 minutes and 1 hour","113","325","224.7","292.1","235","144","66.4","259.7","Fast pace","95","16","88","Drink about the same",NA,NA,NA,NA,"Once or twice a week","Usually","17","16","54","No","4","84","85","73","40","18","96","39","89","79","27","94",NA,NA,NA,NA,NA,NA,NA,"Volunteering group","2-4 times a week","More a 'morning' than 'evening' person","Never/rarely","1.2","Never/rarely","No","Sometimes","Fairly easy",NA,NA,NA,NA,NA,NA,NA,NA,NA,NA,NA,NA,NA,NA,NA,NA,NA,NA,NA,NA,NA,NA,NA,NA,NA,NA,NA,NA,NA,NA,NA,NA,NA,NA,NA,NA,"No, not at all",NA,NA,"I have not used any of these tobacco products",NA,NA,NA,NA,NA,NA,NA,NA,NA
"QO839026","Do not know","Prefer not to answer","152.2","77.7","None","Car or motor vehicle","Heavy DIY (e.g., DIY that requires a lot of physical effort)","Do not know","Less than 15 minutes",NA,NA,NA,NA,NA,NA,NA,NA,"167","277","151.9","28.7","212","296","251.9","164.3","Brisk pace","2","23","99","Drink about the same",NA,NA,NA,NA,"Once or twice a week","Sometimes","40","40","6","No","33","51","18","91","42","61","83","27","66","15","30","82",NA,NA,NA,NA,NA,NA,NA,"No regular group","Less than once a month","More a 'morning' than 'evening' person","Never/rarely","17.4","Never/rarely","No","Never/rarely","Fairly easy",NA,NA,NA,NA,NA,NA,NA,NA,NA,NA,NA,NA,NA,NA,NA,NA,NA,NA,NA,NA,NA,NA,NA,NA,NA,NA,NA,NA,NA,NA,NA,NA,NA,NA,NA,NA,"No, not at all",NA,NA,"I have not used any of these tobacco products",NA,NA,NA,NA,NA,NA,NA,NA,NA
"ED157994","Prefer not to answer","Do not know","96.6","108.5","More than 20 times a day","Public transport","Strenuous sports",NA,NA,NA,NA,NA,NA,"2-3 times in the last 4 weeks","Between 15 and 30 minutes",NA,NA,"197","186","143.3","28.7","210","334","224.1","164.4","Slow pace","72","3","100",NA,NA,NA,NA,NA,"Never",NA,"96","37","62","No","77","17","84","86","30","81","64","53","70","56","73","74",NA,NA,NA,NA,NA,NA,NA,"No regular group","1-3 times a month","More an 'evening' than a 'morning' person","Sometimes","21.9","Never/rarely","Yes","Sometimes","Not easy at all","50-99","Prefer not to answer","52","45",NA,NA,NA,NA,NA,NA,NA,NA,NA,NA,"1.7",NA,"Every day","1 to 2 hours per day","66","85","Yes, one household member smokes","63","76",NA,NA,NA,"No",NA,NA,"85","82","42","20","Manufactured cigarette",NA,NA,"No, not at all","65","I have never smoked","Chewing tobacco, snus, snuff, Gutkha, or dip (e.g., Skruf, Tulsi, Sikandar, conwood, Al Capone powder)","No","71","73",NA,NA,NA,NA,NA,NA
"VG841695","Do not know","Do not know","190.4","48.3","More than 20 times a day","Car or motor vehicle","Other exercises (e.g., swimming, cycling, keep fit, bowling)",NA,NA,NA,NA,"2-3 times in the last 4 weeks","Between 15 and 30 minutes",NA,NA,NA,NA,"212","101","246.1","61.6","130","155","65.9","236.3","Steady average pace","51","29","62","Drink about the same",NA,NA,NA,NA,"Special occasions only","Usually","64","28","70","No","1","59","17","64","96","66","12","73","35","57","85","85",NA,NA,NA,NA,NA,NA,NA,"No regular group","Once a week","Definitely a 'morning' person","Never/rarely","22.0",NA,"No",NA,"Fairly easy","50-99","50-99","7","56","5",NA,"More nowadays?",NA,"Do not know",NA,NA,NA,NA,NA,"3.2",NA,"One day per month","1 to 2 hours per day","71","74","No","18","37",NA,NA,NA,"Yes","Manufactured cigarettes",NA,"83","7","28","19","None of the above",NA,NA,"No, not at all","25","Smoked on most or all days","Shisha, hookah or water pipe","No","56","73",NA,NA,NA,NA,NA,NA
"TK904954","Do not know","Do not know","158.1","132.1","16-20 times a day","Cycle","Other exercises (e.g., swimming, cycling, keep fit, bowling)",NA,NA,NA,NA,"2-3 times in the last 4 weeks","Less than 15 minutes",NA,NA,NA,NA,"83","188","59.5","267.7","84","2","55.3","83.7","Steady average pace","18","21","91","Drink about the same",NA,NA,NA,NA,"One to three times a month","Never","33","29","51","No","21","51","37","40","90","94","45","17","54","1","82","50",NA,NA,NA,NA,NA,NA,NA,"No regular group","Once a week","Definitely an 'evening' person","Never/rarely","17.7","Never/rarely","Do not know","Sometimes","Prefer not to answer",NA,NA,NA,NA,NA,NA,NA,NA,NA,NA,NA,NA,NA,NA,NA,NA,NA,NA,NA,NA,NA,NA,NA,NA,NA,NA,NA,NA,NA,NA,NA,NA,NA,NA,NA,NA,"No, not at all",NA,NA,"I have not used any of these tobacco products",NA,NA,NA,NA,NA,NA,NA,NA,NA
"RJ852847","Prefer not to answer","Do not know","95.5","49.3","1-5 times a day","Mixed modes","Light DIY (e.g., DIY that does not require a lot of physical effort)",NA,NA,"Once in the last 4 weeks","Between 1 hour and 1.5 hours",NA,NA,NA,NA,NA,NA,"154","183","111.5","58.0","348","175","46.9","268.5","Brisk pace","78","25","29","Drink about the same",NA,NA,NA,NA,"One to three times a month","Sometimes","25","32","45","No","23","85","48","91","25","12","24","76","9","19","34","34",NA,NA,NA,NA,NA,NA,NA,"Sports club or gym","Once a week","More a 'morning' than 'evening' person","Sometimes","2.3","Never/rarely","No","Never/rarely","Very easy","or more","11-49","88","87",NA,NA,NA,NA,NA,NA,NA,NA,NA,NA,NA,NA,"Never","Less than 1 hour per day","84","76","No","18","69",NA,NA,NA,"No",NA,NA,"7","34","75","71","Manufactured cigarette",NA,NA,"No, not at all","43","Just tried once or twice","Shisha","No","86","71",NA,NA,NA,NA,NA,NA
"ZH975570","Prefer not to answer","Prefer not to answer","183.8","21.5","6-10 times a day","Prefer not to answer","Other exercises (e.g., swimming, cycling, keep fit, bowling)",NA,NA,NA,NA,"Once in the last 4 weeks","Between 30 minutes and 1 hour",NA,NA,NA,NA,"240","48","56.2","18.2","330","253","4.7","293.6","Steady average pace","86","27","66",NA,NA,NA,NA,NA,"Never",NA,"31","96","50",NA,"34","38","50","95","8","51","56","65","41","69","62","4",NA,NA,NA,NA,NA,NA,NA,"Arts/music group","1-3 times a month","Definitely an 'evening' person","Never/rarely","9.4","Never/rarely","No","Never/rarely","Very easy",NA,NA,NA,NA,NA,NA,NA,NA,NA,NA,NA,NA,NA,NA,NA,NA,NA,NA,NA,NA,NA,NA,NA,NA,NA,NA,NA,NA,NA,NA,NA,NA,NA,NA,NA,NA,"No, not at all",NA,NA,"I have not used any of these tobacco products",NA,NA,NA,NA,NA,NA,NA,NA,NA
"IC385782","Prefer not to answer","Prefer not to answer","289.1","0.2","6-10 times a day","Car or motor vehicle","Prefer not to answer",NA,NA,NA,NA,NA,NA,NA,NA,NA,NA,"329","28","178.4","41.1","336","287","84.1","76.6","Steady average pace","23","70","17","Drink less than before",NA,NA,"Family/work responsibilities","Training/fitness","Three or four times a week","Always","96","55","13","No","68","33","50","42","46","67","65","51","27","41","97","7",NA,NA,NA,NA,NA,NA,NA,"Arts/music group","Once a week","More an 'evening' than a 'morning' person","Never/rarely","21.4","Sometimes","Do not know","Usually","Fairly easy","10 or less","or more","33","87",NA,NA,NA,NA,NA,NA,NA,NA,NA,NA,"0.2",NA,"One day per week","1 to 2 hours per day","79","32","Yes, more than one household member smokes","60","92",NA,NA,NA,"No",NA,NA,"21","13","94","38","Hand-rolled cigarettes",NA,NA,"No, not at all","16","Smoked occasionally","Prefer not to answer","Yes","71","15",NA,"Less than 1 time/mo",NA,"Nicotine e-liquid",NA,"I was a current smoker of tobacco cigarettes and had no plans to quit"
"KM374599","Do not know","Prefer not to answer","228.9","152.4","Prefer not to answer","Walk","None of the above",NA,NA,NA,NA,NA,NA,NA,NA,NA,NA,"194","282","243.6","106.6","202","310","276.7","117.4","Slow pace","1","71","6","Drink about the same",NA,NA,NA,NA,"One to three times a month","Sometimes","71","41","82","No","30","65","37","68","21","3","89","62","78","80","12","55",NA,NA,NA,NA,NA,NA,NA,"Arts/music group","1-3 times a month","More an 'evening' than a 'morning' person","Sometimes","22.2","Sometimes","No","Never/rarely","Fairly easy","10 or less","50-99","15","6","8",NA,"About the same?",NA,"Yes","Other",NA,NA,NA,NA,NA,NA,"Never","10 to 15 hours per day","16","54","Yes, one household member smokes","54","72",NA,NA,NA,"Yes","Hand-rolled cigarettes","Current regular smoker","42","12","33","54","Hand-rolled cigarettes","Hand-rolled cigarettes",NA,"Yes, but rarely","40","Smoked on most or all days","Shisha","No","80","28",NA,NA,NA,NA,NA,NA
"FT369522","Prefer not to answer","Prefer not to answer","56.5","209.2","16-20 times a day","Car or motor vehicle","Walking for pleasure (not as a means of transport)",NA,NA,NA,NA,NA,NA,NA,NA,"4-5 times a week","Over 3 hours","61","173","159.8","253.3","12","234","32.1","268.3","Steady average pace","90","99","100","Stopped drinking","Health reasons","Family reasons",NA,NA,"Three or four times a week","Usually","37","2","52","No","59","30","46","7","80","44","26","55","62","13","69","48",NA,NA,NA,NA,NA,NA,NA,"Volunteering group","Once a week","More an 'evening' than a 'morning' person","Sometimes","7.1","Never/rarely","No","Never/rarely","Not very easy","or more","or more","45","70",NA,NA,NA,NA,NA,NA,NA,NA,NA,NA,"2.8",NA,"Every day","3 to 5 hours per day","97","15","No","14","86",NA,NA,NA,"No",NA,NA,"48","92","66","45","None of the above",NA,NA,"No, not at all","83","I have never smoked","Tobacco pipe","No","27","87",NA,NA,NA,NA,NA,NA
"JW105527","Prefer not to answer","Do not know","146.8","224.5","6-10 times a day","Public transport","Strenuous sports",NA,NA,NA,NA,NA,NA,"Once a week","Between 15 and 30 minutes",NA,NA,"139","25","76.8","49.3","352","197","55.2","235.3","Brisk pace","4","28","40","Drink about the same",NA,NA,NA,NA,"Once or twice a week","Sometimes","78","43","27","No","29","14","34","33","46","90","58","14","87","76","27","80",NA,NA,NA,NA,NA,NA,NA,"Pub or social club","2-4 times a week",NA,"Never/rarely","9.0","Usually","Yes","Sometimes","Not easy at all",NA,NA,NA,NA,NA,NA,NA,NA,NA,NA,NA,NA,NA,NA,NA,NA,NA,NA,NA,NA,NA,NA,NA,NA,NA,NA,NA,NA,NA,NA,NA,NA,NA,NA,NA,NA,"No, not at all",NA,NA,"I have not used any of these tobacco products",NA,NA,NA,NA,NA,NA,NA,NA,NA
"IX441546","Do not know","Do not know","278.4","77.8","1-5 times a day","Public transport","Light DIY (e.g., DIY that does not require a lot of physical effort)",NA,NA,"Once a week","Between 1.5 hours and 2 hours",NA,NA,NA,NA,NA,NA,"51","107","204.9","198.6","18","62","198.0","38.6","Fast pace","90","13","11","Drink about the same",NA,NA,NA,NA,"Special occasions only","Sometimes","21","56","79","No","71","39","65","38","79","54","32","48","19","32","42","27",NA,NA,NA,NA,NA,NA,NA,"Sports club or gym","Almost daily","Prefer not to answer","Sometimes","10.9","Sometimes","No","Never/rarely","Fairly easy",NA,NA,NA,NA,NA,NA,NA,NA,NA,NA,NA,NA,NA,NA,NA,NA,NA,NA,NA,NA,NA,NA,NA,NA,NA,NA,NA,NA,NA,NA,NA,NA,NA,NA,NA,NA,"No, not at all",NA,NA,"I have not used any of these tobacco products",NA,NA,NA,NA,NA,NA,NA,NA,NA
"WP166464","Prefer not to answer","Prefer not to answer","66.0","121.1","6-10 times a day","Car or motor vehicle","Prefer not to answer",NA,NA,NA,NA,NA,NA,NA,NA,NA,NA,"113","19","274.5","157.4","347","340","145.7","117.0","Steady average pace","68","3","42","Drink about the same",NA,NA,NA,NA,"One to three times a month","Usually","92","44","53","No","75","91","4","64","41","100","88","82","1","81","74","45",NA,NA,NA,NA,NA,NA,NA,"Volunteering group","2-4 times a week","Definitely an 'evening' person","Never/rarely","7.9","Never/rarely","Yes","Never/rarely","Not very easy","Prefer not to answer","or more","14","36",NA,NA,NA,NA,NA,NA,NA,NA,NA,NA,"0.8",NA,"Every day","1 to 2 hours per day","22","89","No","50","34",NA,NA,NA,"No",NA,NA,"35","0","85","86","Prefer not to answer",NA,NA,"No, not at all","49","Prefer not to answer","Cigarettes (manufactured or hand-rolled)","No","15","41",NA,NA,NA,NA,NA,NA
"ZH977235","Prefer not to answer","Prefer not to answer","14.1","59.1","6-10 times a day","Car or motor vehicle","Walking for pleasure (not as a means of transport)",NA,NA,NA,NA,NA,NA,NA,NA,"Once in the last 4 weeks","Over 3 hours","152","164","284.9","115.2","303","41","146.6","195.5","Fast pace","85","82","20","Drink about the same",NA,NA,NA,NA,"One to three times a month","Sometimes","80","9","43","No","88","93","99","6","32","88","6","78","69","6","32","76",NA,NA,NA,NA,NA,NA,NA,"Pub or social club","2-4 times a week","Definitely a 'morning' person","Sometimes","0.6","Sometimes","No","Sometimes","Fairly easy",NA,NA,NA,NA,NA,NA,NA,NA,NA,NA,NA,NA,NA,NA,NA,NA,NA,NA,NA,NA,NA,NA,NA,NA,NA,NA,NA,NA,NA,NA,NA,NA,NA,NA,NA,NA,"No, not at all",NA,NA,"I have not used any of these tobacco products",NA,NA,NA,NA,NA,NA,NA,NA,NA
"SC399262","Prefer not to answer","Do not know","221.7","140.7","None","Public transport","Walking for pleasure (not as a means of transport)",NA,NA,NA,NA,NA,NA,NA,NA,"Once a week","Between 2 and 3 hours","147","153","6.2","75.7","48","100","149.7","166.2","Steady average pace","10","4","55","Drink about the same",NA,NA,NA,NA,"Once or twice a week","Usually","38","40","72","No","79","58","82","64","26","95","72","61","28","23","50","57",NA,NA,NA,NA,NA,NA,NA,NA,"Once a week","Definitely a 'morning' person",NA,"18.6","Never/rarely","Yes","Never/rarely",NA,NA,NA,NA,NA,NA,NA,NA,NA,NA,NA,NA,NA,NA,NA,NA,NA,NA,NA,NA,NA,NA,NA,NA,NA,NA,NA,NA,NA,NA,NA,NA,NA,NA,NA,NA,NA,"Yes, some days",NA,NA,"I have not used any of these tobacco products",NA,NA,NA,NA,NA,NA,NA,NA,NA
"II402506","Do not know","Do not know","55.7","4.5","1-5 times a day","Mixed modes","None of the above",NA,NA,NA,NA,NA,NA,NA,NA,NA,NA,"124","122","64.1","163.0","84","333","122.5","176.4","Prefer not to answer","75","89","75","Prefer not to answer",NA,NA,NA,NA,"Once or twice a week","Sometimes","24","72","70","No","31","86","56","42","55","86","62","9","3","61","73","47",NA,NA,NA,NA,NA,NA,NA,"Arts/music group","Once a week","More a 'morning' than 'evening' person","Never/rarely","6.5",NA,"Yes","Never/rarely","Very easy","50-99","11-49","84","93","17",NA,"Prefer not to answer",NA,"No",NA,NA,NA,NA,NA,"3",NA,"A few days per year","Less than 1 hour per day","56","65","No","17","30",NA,NA,NA,"Yes","None of the above",NA,"41","41","57","74","None of the above",NA,NA,"No, not at all","53","Smoked on most or all days","Electronic delivery devices that can be vaped, such as e-cigarettes (e.g., UWELL, Vype, Vuse, Vapouriz, WizMix)","No","58","34",NA,NA,NA,NA,NA,NA
"KP798138","Do not know","Do not know","278.9","82.5","6-10 times a day","Car or motor vehicle","Walking for pleasure (not as a means of transport)",NA,NA,NA,NA,NA,NA,NA,NA,"2-3 times in the last 4 weeks","Prefer not to answer","135","346","93.5","168.8","314","87","30.4","140.4","Brisk pace","63","58","53","Drink about the same",NA,NA,NA,NA,"Never",NA,"4","51","31","Yes","16","65","27","27","74","23","0","18","3","12","26","56",NA,NA,NA,NA,NA,NA,NA,"Pub or social club","2-4 times a week","More a 'morning' than 'evening' person","Never/rarely","18.3","Never/rarely",NA,"Sometimes","Not very easy","50-99","50-99","48","40",NA,NA,NA,NA,NA,NA,NA,NA,NA,NA,"1",NA,"One day per week","1 to 2 hours per day","56","56","No","50","46",NA,NA,NA,"No",NA,NA,"9","99","61","37","Hand-rolled cigarettes",NA,NA,"No, not at all","11","Smoked on most or all days","Prefer not to answer","No","19","83",NA,NA,NA,NA,NA,NA
"SK110384","Prefer not to answer","Do not know","89.4","180.6","1-5 times a day","Public transport","Light DIY (e.g., DIY that does not require a lot of physical effort)",NA,NA,"2-3 times a week","Between 1 hour and 1.5 hours",NA,NA,NA,NA,NA,NA,"269","296","248.8","104.7","119","309","174.9","21.1","Steady average pace","28","31","54","Drink more than before",NA,NA,NA,NA,"Three or four times a week","Always","40","70","82","No","74","97","14","43","8","88","55","61","81","48","44","53",NA,NA,NA,NA,NA,NA,NA,"Pub or social club","Less than once a month","More an 'evening' than a 'morning' person","Never/rarely","13.4","Sometimes","No","Sometimes","Fairly easy","11-49","10 or less","46","90","12",NA,"More nowadays?",NA,"Do not know",NA,NA,NA,NA,NA,"0.8",NA,"Prefer not to answer","1 to 2 hours per day","57","96","Yes, more than one household member smokes","53","74",NA,NA,NA,"Yes","Manufactured cigarettes",NA,"59","70","52","41","Manufactured cigarette",NA,NA,"No, not at all","91","Smoked on most or all days","Smokeless tobacco","No","13","55",NA,NA,NA,NA,NA,NA
"UM976368","Prefer not to answer","Prefer not to answer","38.0","132.2","Do not know","Mixed modes","Walking for pleasure (not as a means of transport)",NA,NA,NA,NA,NA,NA,NA,NA,"4-5 times a week","Between 30 minutes and 1 hour","264","43","13.7","246.3","163","113","63.6","257.9","Steady average pace","58","63","16","Drink about the same",NA,NA,NA,NA,"Special occasions only","Usually","50","9","83","No","96","69","21","22","31","12","27","52","67","33","87","50",NA,NA,NA,NA,NA,NA,NA,"Sports club or gym","2-4 times a week","Definitely an 'evening' person","Never/rarely","5.2","Never/rarely","No","Sometimes","Very easy","or more","Prefer not to answer","20","97","1",NA,"About the same?",NA,"Yes","Other",NA,NA,NA,NA,"2.8",NA,"Every day","Less than 1 hour per day","32","80","Yes, more than one household member smokes","97","91",NA,NA,NA,"Yes","Prefer not to answer","Current occasional smoker","47","47","24","23","None of the above","Manufactured cigarette",NA,"Yes, but rarely","63","Smoked on most or all days","Smokeless tobacco","No","16","38",NA,NA,NA,NA,NA,NA
"DG503481","Do not know","Prefer not to answer","193.0","245.6","1-5 times a day","Mixed modes","Walking for pleasure (not as a means of transport)",NA,NA,NA,NA,NA,NA,NA,NA,"Once in the last 4 weeks","Less than 15 minutes","200","360","212.6","157.5","47","27","165.4","25.7","Steady average pace","83","33","14",NA,NA,NA,NA,NA,"Prefer not to answer",NA,"0","85","22",NA,"79","10","55","47","52","70","66","92","3","93","18","8",NA,NA,NA,NA,NA,NA,NA,"Arts/music group","Less than once a month","More a 'morning' than 'evening' person","Sometimes","8.8","Never/rarely","No","Sometimes","Do not know",NA,NA,NA,NA,NA,NA,NA,NA,NA,NA,NA,NA,NA,NA,NA,NA,NA,NA,NA,NA,NA,NA,NA,NA,NA,NA,NA,NA,NA,NA,NA,NA,NA,NA,NA,NA,"No, not at all",NA,NA,"I have not used any of these tobacco products",NA,NA,NA,NA,NA,NA,NA,NA,NA
"JR969176","Prefer not to answer","Prefer not to answer","256.1","17.9","Do not know","Walk","None of the above",NA,NA,NA,NA,NA,NA,NA,NA,NA,NA,"82","345","153.4","143.4","264","205","157.0","194.5","Brisk pace","82","43","49","Drink about the same",NA,NA,NA,NA,"One to three times a month","Sometimes","93","100","15","No","3","2","98","77","46","55","5","75","1","4","97","99",NA,NA,NA,NA,NA,NA,NA,"No regular group","Once a week","More an 'evening' than a 'morning' person","Never/rarely","2.8","Never/rarely","Yes","Never/rarely","Not very easy",NA,NA,NA,NA,NA,NA,NA,NA,NA,NA,NA,NA,NA,NA,NA,NA,NA,NA,NA,NA,NA,NA,NA,NA,NA,NA,NA,NA,NA,NA,NA,NA,NA,NA,NA,NA,"No, not at all",NA,NA,"I have not used any of these tobacco products",NA,NA,NA,NA,NA,NA,NA,NA,NA
"VG764018","Do not know","Do not know","287.3","178.6","More than 20 times a day","Walk","Other exercises (e.g., swimming, cycling, keep fit, bowling)",NA,NA,NA,NA,"Once a week","Less than 15 minutes",NA,NA,NA,NA,"223","235","3.1","267.6","94","253","186.4","112.8","Steady average pace","77","95","23","Drink about the same",NA,NA,NA,NA,"Once or twice a week","Sometimes","93","85","56","No","58","55","96","43","37","41","45","25","70","3","17","40",NA,NA,NA,NA,NA,NA,NA,"No regular group","2-4 times a week","More a 'morning' than 'evening' person","Never/rarely","16.9","Never/rarely","Yes","Never/rarely","Not very easy",NA,NA,NA,NA,NA,NA,NA,NA,NA,NA,NA,NA,NA,NA,NA,NA,NA,NA,NA,NA,NA,NA,NA,NA,NA,NA,NA,NA,NA,NA,NA,NA,NA,NA,NA,NA,"Yes, every day",NA,NA,"I have not used any of these tobacco products",NA,NA,NA,NA,NA,NA,NA,NA,NA
"YU934641","Prefer not to answer","Do not know","21.4","282.5","11-15 times a day","Public transport","None of the above",NA,NA,NA,NA,NA,NA,NA,NA,NA,NA,"341","239","166.4","47.9","64","222","128.6","247.7","Steady average pace","30","24","22","Drink about the same",NA,NA,NA,NA,"Once or twice a week","Usually","32","62","34","No","72","34","85","49","59","19","2","46","8","13","61","12",NA,NA,NA,NA,NA,NA,NA,"Arts/music group","2-4 times a week",NA,"Never/rarely","15.4","Never/rarely","No","Never/rarely","Very easy",NA,NA,NA,NA,NA,NA,NA,NA,NA,NA,NA,NA,NA,NA,NA,NA,NA,NA,NA,NA,NA,NA,NA,NA,NA,NA,NA,NA,NA,NA,NA,NA,NA,NA,NA,NA,"No, not at all",NA,NA,"I have not used any of these tobacco products",NA,NA,NA,NA,NA,NA,NA,NA,NA
"VE715554","Prefer not to answer","Do not know","110.7","272.8","11-15 times a day","Public transport","Light DIY (e.g., DIY that does not require a lot of physical effort)",NA,NA,"2-3 times a week","Between 30 minutes and 1 hour",NA,NA,NA,NA,NA,NA,"324","64","214.5","291.1","84","70","28.9","21.1","Brisk pace","58","53","92","Drink about the same",NA,NA,NA,NA,"Daily or almost daily","Prefer not to answer","43","62","74","No","49","56","85","74","91","98","26","20","16","39","63","63",NA,NA,NA,NA,NA,NA,NA,"No regular group","Once a week","More an 'evening' than a 'morning' person","Never/rarely","21.7","Never/rarely","No","Sometimes","Do not know",NA,NA,NA,NA,NA,NA,NA,NA,NA,NA,NA,NA,NA,NA,NA,NA,NA,NA,NA,NA,NA,NA,NA,NA,NA,NA,NA,NA,NA,NA,NA,NA,NA,NA,NA,NA,"No, not at all",NA,NA,"I have not used any of these tobacco products",NA,NA,NA,NA,NA,NA,NA,NA,NA
